_team,_conference,_position_group,_average_rating,_total_rating,_commits,_average_stars,discriminator
Air Force,Mountain West,Defensive Back,0.77895758097822,51.4112,66.0,2.2727272727272725,
Air Force,Mountain West,Defensive Line,0.781313893695672,56.2546,72.0,2.2777777777777777,
Air Force,Mountain West,Linebacker,0.767323082226973,49.876,65.0,2.1384615384615384,
Air Force,Mountain West,Offensive Line,0.77286707991507,63.3751,82.0,2.158536585365854,
Air Force,Mountain West,Quarterback,0.776255175985139,22.5114,29.0,2.1724137931034484,
Air Force,Mountain West,Receiver,0.773682726754083,62.6683,81.0,2.1728395061728394,
Air Force,Mountain West,Running Back,0.772515795732799,29.3556,38.0,2.1315789473684212,
Air Force,Mountain West,Special Teams,0.760514295101166,26.618,35.0,2.0285714285714285,
Akron,Mid-American,Defensive Back,0.773037294210014,45.6092,59.0,2.23728813559322,
Akron,Mid-American,Defensive Line,0.764425001465357,39.7501,52.0,2.1923076923076925,
Akron,Mid-American,Linebacker,0.767727665444638,36.0832,47.0,2.1702127659574466,
Akron,Mid-American,Offensive Line,0.768805270655113,43.8219,57.0,2.1403508771929824,
Akron,Mid-American,Quarterback,0.793357150895255,16.6605,21.0,2.619047619047619,
Akron,Mid-American,Receiver,0.770584381185472,49.3174,64.0,2.171875,
Akron,Mid-American,Running Back,0.773205125943208,30.155,39.0,2.3076923076923075,
Akron,Mid-American,Special Teams,0.777109526452564,16.3193,21.0,2.2857142857142856,
Alabama,SEC,Defensive Back,0.920447144338063,64.4313,70.0,3.7857142857142856,
Alabama,SEC,Defensive Line,0.923767415995008,82.2153,89.0,3.865168539325843,
Alabama,SEC,Linebacker,0.916843752376735,58.678,64.0,3.765625,
Alabama,SEC,Offensive Line,0.908301368968128,66.306,73.0,3.6986301369863015,
Alabama,SEC,Quarterback,0.899022221565247,24.2736,27.0,3.6296296296296298,
Alabama,SEC,Receiver,0.915467140504292,64.0827,70.0,3.7285714285714286,
Alabama,SEC,Running Back,0.918799997904362,35.8332,39.0,3.7948717948717947,
Alabama,SEC,Special Teams,0.884416671262847,31.839,36.0,3.5277777777777777,
Appalachian State,Sun Belt,Defensive Back,0.792137139184134,27.7248,35.0,2.4571428571428573,
Appalachian State,Sun Belt,Defensive Line,0.792952384267535,16.652,21.0,2.4761904761904763,
Appalachian State,Sun Belt,Linebacker,0.801130002737045,24.0339,30.0,2.533333333333333,
Appalachian State,Sun Belt,Offensive Line,0.784420593696482,26.6703,34.0,2.4411764705882355,
Appalachian State,Sun Belt,Quarterback,0.813063637776808,8.9437,11.0,2.5454545454545454,
Appalachian State,Sun Belt,Receiver,0.804831034150617,23.3401,29.0,2.5517241379310347,
Appalachian State,Sun Belt,Running Back,0.782680004835129,7.8268,10.0,2.4,
Appalachian State,Sun Belt,Special Teams,0.797649999459585,19.1436,24.0,2.5,
Arizona,Pac-12,Defensive Back,0.840008000532786,63.0006,75.0,3.0,
Arizona,Pac-12,Defensive Line,0.837142425053047,55.2514,66.0,2.9242424242424243,
Arizona,Pac-12,Linebacker,0.835463413378087,34.254,41.0,2.926829268292683,
Arizona,Pac-12,Offensive Line,0.832096725213723,50.7579,61.0,2.8852459016393444,
Arizona,Pac-12,Quarterback,0.851752174937207,19.5903,23.0,3.0434782608695654,
Arizona,Pac-12,Receiver,0.838208477375871,49.4543,59.0,2.915254237288136,
Arizona,Pac-12,Running Back,0.856682857445308,29.9839,35.0,3.085714285714286,
Arizona,Pac-12,Special Teams,0.827261542662596,32.2632,39.0,2.8205128205128207,
Arizona State,Pac-12,Defensive Back,0.843789658669768,48.9398,58.0,3.0172413793103448,
Arizona State,Pac-12,Defensive Line,0.853489289326327,47.7954,56.0,3.0892857142857144,
Arizona State,Pac-12,Linebacker,0.847445104636398,43.2197,51.0,3.0,
Arizona State,Pac-12,Offensive Line,0.841374999843538,53.848,64.0,2.96875,
Arizona State,Pac-12,Quarterback,0.868521434920175,24.3186,28.0,3.25,
Arizona State,Pac-12,Receiver,0.852518520973347,46.036,54.0,3.111111111111111,
Arizona State,Pac-12,Running Back,0.867150004093464,22.5459,26.0,3.1538461538461537,
Arizona State,Pac-12,Special Teams,0.874473527950399,29.7321,34.0,3.2941176470588234,
Arkansas,SEC,Defensive Back,0.851183786585524,62.9876,74.0,3.108108108108108,
Arkansas,SEC,Defensive Line,0.85964871599124,67.0526,78.0,3.128205128205128,
Arkansas,SEC,Linebacker,0.849160001277924,42.458,50.0,3.0,
Arkansas,SEC,Offensive Line,0.856984059879745,59.1319,69.0,3.072463768115942,
Arkansas,SEC,Quarterback,0.863520002365112,21.588,25.0,3.32,
Arkansas,SEC,Receiver,0.863468352752396,68.214,79.0,3.189873417721519,
Arkansas,SEC,Running Back,0.871165625751019,27.8773,32.0,3.1875,
Arkansas,SEC,Special Teams,0.843544186547745,36.2724,43.0,2.9767441860465116,
Arkansas State,Sun Belt,Defensive Back,0.781910455048974,52.388,67.0,2.417910447761194,
Arkansas State,Sun Belt,Defensive Line,0.770541071891785,43.1503,56.0,2.3214285714285716,
Arkansas State,Sun Belt,Linebacker,0.763006898863562,22.1272,29.0,2.2413793103448274,
Arkansas State,Sun Belt,Offensive Line,0.774016671379407,46.441,60.0,2.3,
Arkansas State,Sun Belt,Quarterback,0.783804006576538,19.5951,25.0,2.4,
Arkansas State,Sun Belt,Receiver,0.77034042617108,36.206,47.0,2.3404255319148937,
Arkansas State,Sun Belt,Running Back,0.77973684668541,29.63,38.0,2.4210526315789473,
Arkansas State,Sun Belt,Special Teams,0.770293547261146,23.8791,31.0,2.2903225806451615,
Army,FBS Independents,Defensive Back,0.767978961530485,58.3664,76.0,2.0921052631578947,
Army,FBS Independents,Defensive Line,0.771338168727724,58.6217,76.0,2.1710526315789473,
Army,FBS Independents,Linebacker,0.763859385003646,73.3305,96.0,2.1145833333333335,
Army,FBS Independents,Offensive Line,0.767768129058506,52.976,69.0,2.072463768115942,
Army,FBS Independents,Quarterback,0.760815394230378,29.6718,39.0,2.051282051282051,
Army,FBS Independents,Receiver,0.762468531175896,41.1733,54.0,2.055555555555556,
Army,FBS Independents,Running Back,0.774073596270579,41.0259,53.0,2.188679245283019,
Army,FBS Independents,Special Teams,0.763126574456692,48.8401,64.0,2.0625,
Auburn,SEC,Defensive Back,0.879374197413844,54.5212,62.0,3.338709677419355,
Auburn,SEC,Defensive Line,0.889834066013714,80.9749,91.0,3.4725274725274726,
Auburn,SEC,Linebacker,0.875101723547639,50.7559,58.0,3.3620689655172415,
Auburn,SEC,Offensive Line,0.881816921784328,57.3181,65.0,3.3384615384615386,
Auburn,SEC,Quarterback,0.884575001895428,21.2298,24.0,3.5416666666666665,
Auburn,SEC,Receiver,0.882639999389648,66.198,75.0,3.3333333333333335,
Auburn,SEC,Running Back,0.887861542212657,34.6266,39.0,3.58974358974359,
Auburn,SEC,Special Teams,0.867705454609611,47.7238,55.0,3.2545454545454544,
Ball State,Mid-American,Defensive Back,0.774765081821926,48.8102,63.0,2.253968253968254,
Ball State,Mid-American,Defensive Line,0.783259677310144,48.5621,62.0,2.3870967741935485,
Ball State,Mid-American,Linebacker,0.772647371417598,29.3606,38.0,2.236842105263158,
Ball State,Mid-American,Offensive Line,0.778306355552068,49.0333,63.0,2.253968253968254,
Ball State,Mid-American,Quarterback,0.80497060102575,13.6845,17.0,2.588235294117647,
Ball State,Mid-American,Receiver,0.779983827296425,53.0389,68.0,2.3088235294117645,
Ball State,Mid-American,Running Back,0.782964301960809,21.923,28.0,2.2857142857142856,
Ball State,Mid-American,Special Teams,0.771288461410082,20.0535,26.0,2.230769230769231,
Baylor,Big 12,Defensive Back,0.833432860033853,58.3403,70.0,2.8857142857142857,
Baylor,Big 12,Defensive Line,0.835335490203673,51.7908,62.0,2.903225806451613,
Baylor,Big 12,Linebacker,0.819385718326179,40.1499,49.0,2.7346938775510203,
Baylor,Big 12,Offensive Line,0.830729230550619,53.9974,65.0,2.8615384615384616,
Baylor,Big 12,Quarterback,0.846061905225118,17.7673,21.0,3.0476190476190474,
Baylor,Big 12,Receiver,0.844174634164839,56.5597,67.0,2.970149253731343,
Baylor,Big 12,Running Back,0.839211112923092,15.1058,18.0,2.944444444444444,
Baylor,Big 12,Special Teams,0.843315387383485,32.8893,39.0,3.0,
Boise State,Mountain West,Defensive Back,0.816630002856255,48.9978,60.0,2.7333333333333334,
Boise State,Mountain West,Defensive Line,0.806696304568538,43.5616,54.0,2.648148148148148,
Boise State,Mountain West,Linebacker,0.815773334768083,36.7098,45.0,2.6666666666666665,
Boise State,Mountain West,Offensive Line,0.80088772690087,45.6506,57.0,2.5789473684210527,
Boise State,Mountain West,Quarterback,0.828575010101,19.8858,24.0,2.8333333333333335,
Boise State,Mountain West,Receiver,0.815885717906649,51.4008,63.0,2.7142857142857144,
Boise State,Mountain West,Running Back,0.815682613331339,18.7607,23.0,2.6956521739130435,
Boise State,Mountain West,Special Teams,0.818581086558265,30.2875,37.0,2.72972972972973,
Boston College,ACC,Defensive Back,0.834950822298644,50.932,61.0,2.9672131147540983,
Boston College,ACC,Defensive Line,0.835006783574314,49.2654,59.0,2.9661016949152543,
Boston College,ACC,Linebacker,0.842085417360067,40.4201,48.0,2.9583333333333335,
Boston College,ACC,Offensive Line,0.841658571788243,58.9161,70.0,3.0142857142857142,
Boston College,ACC,Quarterback,0.830560714006424,23.2557,28.0,2.9285714285714284,
Boston College,ACC,Receiver,0.83325077020205,54.1613,65.0,2.9384615384615387,
Boston College,ACC,Running Back,0.837288572107043,29.3051,35.0,2.9714285714285715,
Boston College,ACC,Special Teams,0.81828974149166,31.9133,39.0,2.717948717948718,
Bowling Green,Mid-American,Defensive Back,0.78120811243315,57.8094,74.0,2.364864864864865,
Bowling Green,Mid-American,Defensive Line,0.773004112994834,56.4293,73.0,2.287671232876712,
Bowling Green,Mid-American,Linebacker,0.784967393978782,36.1085,46.0,2.3043478260869565,
Bowling Green,Mid-American,Offensive Line,0.778298343221347,46.6979,60.0,2.25,
Bowling Green,Mid-American,Quarterback,0.802716672420502,19.2652,24.0,2.5833333333333335,
Bowling Green,Mid-American,Receiver,0.792894207912943,54.7097,69.0,2.4782608695652173,
Bowling Green,Mid-American,Running Back,0.791600003838539,25.3312,32.0,2.4375,
Bowling Green,Mid-American,Special Teams,0.763338887029224,13.7401,18.0,2.1666666666666665,
Buffalo,Mid-American,Defensive Back,0.775340989964907,47.2958,61.0,2.2459016393442623,
Buffalo,Mid-American,Defensive Line,0.77087547194283,40.8564,53.0,2.2264150943396226,
Buffalo,Mid-American,Linebacker,0.76674474226801,29.1363,38.0,2.210526315789474,
Buffalo,Mid-American,Offensive Line,0.764442106088003,43.5732,57.0,2.1578947368421053,
Buffalo,Mid-American,Quarterback,0.78613478463629,18.0811,23.0,2.5217391304347827,
Buffalo,Mid-American,Receiver,0.772782097111887,51.7764,67.0,2.208955223880597,
Buffalo,Mid-American,Running Back,0.777376003265381,19.4344,25.0,2.28,
Buffalo,Mid-American,Special Teams,0.780205262334723,14.8239,19.0,2.263157894736842,
BYU,FBS Independents,Defensive Back,0.806715389856925,41.9492,52.0,2.6538461538461537,
BYU,FBS Independents,Defensive Line,0.822323192720828,56.7403,69.0,2.782608695652174,
BYU,FBS Independents,Linebacker,0.812896301349004,43.8964,54.0,2.685185185185185,
BYU,FBS Independents,Offensive Line,0.81962857265321,51.6366,63.0,2.6984126984126986,
BYU,FBS Independents,Quarterback,0.844474998116493,16.8895,20.0,3.0,
BYU,FBS Independents,Receiver,0.815779718799867,56.2888,69.0,2.7246376811594204,
BYU,FBS Independents,Running Back,0.812132003307342,20.3033,25.0,2.72,
BYU,FBS Independents,Special Teams,0.804863165867956,30.5848,38.0,2.6315789473684212,
California,Pac-12,Defensive Back,0.858246297748001,46.3453,54.0,3.111111111111111,
California,Pac-12,Defensive Line,0.860493849791013,55.9321,65.0,3.1846153846153844,
California,Pac-12,Linebacker,0.858306119636614,42.057,49.0,3.1020408163265305,
California,Pac-12,Offensive Line,0.852652728557587,46.8959,55.0,3.109090909090909,
California,Pac-12,Quarterback,0.883835002779961,17.6767,20.0,3.5,
California,Pac-12,Receiver,0.867545761294284,51.1852,59.0,3.254237288135593,
California,Pac-12,Running Back,0.866853130981326,27.7393,32.0,3.1875,
California,Pac-12,Special Teams,0.83412580913113,25.8579,31.0,2.935483870967742,
Central Michigan,Mid-American,Defensive Back,0.769905338287354,57.7429,75.0,2.2666666666666666,
Central Michigan,Mid-American,Defensive Line,0.782275348493498,57.1061,73.0,2.287671232876712,
Central Michigan,Mid-American,Linebacker,0.776095744143141,36.4765,47.0,2.2978723404255317,
Central Michigan,Mid-American,Offensive Line,0.778796502372675,44.3914,57.0,2.2982456140350878,
Central Michigan,Mid-American,Quarterback,0.795013639059934,17.4903,22.0,2.590909090909091,
Central Michigan,Mid-American,Receiver,0.773501281554882,60.3331,78.0,2.3076923076923075,
Central Michigan,Mid-American,Running Back,0.778859462286975,28.8178,37.0,2.3513513513513513,
Central Michigan,Mid-American,Special Teams,0.783542856574059,21.9392,28.0,2.392857142857143,
Charlotte,Conference USA,Defensive Back,0.782883996963501,19.5721,25.0,2.28,
Charlotte,Conference USA,Defensive Line,0.777659995555878,19.4415,25.0,2.32,
Charlotte,Conference USA,Linebacker,0.788923533523784,13.4117,17.0,2.411764705882353,
Charlotte,Conference USA,Offensive Line,0.782479171951612,18.7795,24.0,2.3333333333333335,
Charlotte,Conference USA,Quarterback,0.783037506043911,6.2643,8.0,2.25,
Charlotte,Conference USA,Receiver,0.788596772378491,24.4465,31.0,2.4838709677419355,
Charlotte,Conference USA,Running Back,0.800985702446529,11.2138,14.0,2.5,
Charlotte,Conference USA,Special Teams,0.760599993169308,6.0848,8.0,2.25,
Cincinnati,American Athletic,Defensive Back,0.816841274972946,51.461,63.0,2.746031746031746,
Cincinnati,American Athletic,Defensive Line,0.809807468706103,54.2571,67.0,2.611940298507463,
Cincinnati,American Athletic,Linebacker,0.816479077172834,35.1086,43.0,2.744186046511628,
Cincinnati,American Athletic,Offensive Line,0.802175004894917,41.7131,52.0,2.5961538461538463,
Cincinnati,American Athletic,Quarterback,0.821192308114125,21.351,26.0,2.769230769230769,
Cincinnati,American Athletic,Receiver,0.816740282707744,58.8053,72.0,2.805555555555556,
Cincinnati,American Athletic,Running Back,0.794622582774008,24.6333,31.0,2.5161290322580645,
Cincinnati,American Athletic,Special Teams,0.821144123287762,27.9189,34.0,2.764705882352941,
Clemson,ACC,Defensive Back,0.888079366040608,55.949,63.0,3.4126984126984126,
Clemson,ACC,Defensive Line,0.895137881690806,59.0791,66.0,3.5454545454545454,
Clemson,ACC,Linebacker,0.874907142349652,48.9948,56.0,3.392857142857143,
Clemson,ACC,Offensive Line,0.873062669436137,65.4797,75.0,3.32,
Clemson,ACC,Quarterback,0.894513036893762,20.5738,23.0,3.5652173913043477,
Clemson,ACC,Receiver,0.894241789383675,59.9142,67.0,3.537313432835821,
Clemson,ACC,Running Back,0.895644825080345,25.9737,29.0,3.5517241379310347,
Clemson,ACC,Special Teams,0.84908378607518,31.4161,37.0,3.189189189189189,
Coastal Carolina,Sun Belt,Defensive Back,0.790694124558393,13.4418,17.0,2.411764705882353,
Coastal Carolina,Sun Belt,Defensive Line,0.789489479441392,15.0003,19.0,2.473684210526316,
Coastal Carolina,Sun Belt,Linebacker,0.786449998617172,12.5832,16.0,2.375,
Coastal Carolina,Sun Belt,Offensive Line,0.771645829081535,18.5195,24.0,2.125,
Coastal Carolina,Sun Belt,Quarterback,0.779664286545345,10.9153,14.0,2.2857142857142856,
Coastal Carolina,Sun Belt,Receiver,0.789781825108962,26.0628,33.0,2.3636363636363638,
Coastal Carolina,Sun Belt,Running Back,0.787681828845631,8.6645,11.0,2.3636363636363638,
Coastal Carolina,Sun Belt,Special Teams,0.775089474100816,14.7267,19.0,2.3157894736842106,
Colorado,Pac-12,Defensive Back,0.827353847714571,43.0224,52.0,2.8461538461538463,
Colorado,Pac-12,Defensive Line,0.833775411863796,50.8603,61.0,2.901639344262295,
Colorado,Pac-12,Linebacker,0.839524003267288,41.9762,50.0,2.94,
Colorado,Pac-12,Offensive Line,0.83449200630188,62.5869,75.0,2.96,
Colorado,Pac-12,Quarterback,0.851350004022772,18.7297,22.0,2.9545454545454546,
Colorado,Pac-12,Receiver,0.848714711911538,57.7126,68.0,3.073529411764706,
Colorado,Pac-12,Running Back,0.846507899071041,32.1673,38.0,3.1052631578947367,
Colorado,Pac-12,Special Teams,0.819693478553192,37.7059,46.0,2.782608695652174,
Colorado State,Mountain West,Defensive Back,0.791803397364536,46.7164,59.0,2.4745762711864407,
Colorado State,Mountain West,Defensive Line,0.791475394138923,51.4459,65.0,2.430769230769231,
Colorado State,Mountain West,Linebacker,0.789095840106408,37.8766,48.0,2.5208333333333335,
Colorado State,Mountain West,Offensive Line,0.790432311938359,51.3781,65.0,2.4923076923076923,
Colorado State,Mountain West,Quarterback,0.809420006275177,20.2355,25.0,2.64,
Colorado State,Mountain West,Receiver,0.792712703583732,49.9409,63.0,2.555555555555556,
Colorado State,Mountain West,Running Back,0.796464103918809,31.0621,39.0,2.4871794871794872,
Colorado State,Mountain West,Special Teams,0.791038465805543,30.8505,39.0,2.4871794871794872,
Connecticut,American Athletic,Defensive Back,0.788161435297557,55.1713,70.0,2.4285714285714284,
Connecticut,American Athletic,Defensive Line,0.78870769739151,51.266,65.0,2.5076923076923077,
Connecticut,American Athletic,Linebacker,0.795130234818126,34.1906,43.0,2.604651162790698,
Connecticut,American Athletic,Offensive Line,0.784815718446459,54.9371,70.0,2.442857142857143,
Connecticut,American Athletic,Quarterback,0.798245454376394,17.5614,22.0,2.590909090909091,
Connecticut,American Athletic,Receiver,0.792276197009616,49.9134,63.0,2.4603174603174605,
Connecticut,American Athletic,Running Back,0.798168971620757,23.1469,29.0,2.4827586206896552,
Connecticut,American Athletic,Special Teams,0.783939028658518,32.1415,41.0,2.3902439024390243,
Duke,ACC,Defensive Back,0.817592426682964,53.9611,66.0,2.696969696969697,
Duke,ACC,Defensive Line,0.826730164270552,52.084,63.0,2.8412698412698414,
Duke,ACC,Linebacker,0.81040189063774,42.9513,53.0,2.641509433962264,
Duke,ACC,Offensive Line,0.824298533446648,56.0523,68.0,2.7794117647058822,
Duke,ACC,Quarterback,0.84268095379784,17.6963,21.0,2.9523809523809526,
Duke,ACC,Receiver,0.825932860374451,57.8153,70.0,2.857142857142857,
Duke,ACC,Running Back,0.817878578390394,22.9006,28.0,2.6785714285714284,
Duke,ACC,Special Teams,0.805324391620915,33.0183,41.0,2.707317073170732,
East Carolina,American Athletic,Defensive Back,0.789911596671395,54.5039,69.0,2.5072463768115942,
East Carolina,American Athletic,Defensive Line,0.781483586154767,52.3594,67.0,2.417910447761194,
East Carolina,American Athletic,Linebacker,0.781685715062278,27.359,35.0,2.4571428571428573,
East Carolina,American Athletic,Offensive Line,0.780334787092347,53.8431,69.0,2.391304347826087,
East Carolina,American Athletic,Quarterback,0.807807147502899,22.6186,28.0,2.6785714285714284,
East Carolina,American Athletic,Receiver,0.786761408312279,44.8454,57.0,2.43859649122807,
East Carolina,American Athletic,Running Back,0.813750004226511,17.9025,22.0,2.6818181818181817,
East Carolina,American Athletic,Special Teams,0.792463334401449,23.7739,30.0,2.3666666666666667,
Eastern Michigan,Mid-American,Defensive Back,0.764022975354581,56.5377,74.0,2.256756756756757,
Eastern Michigan,Mid-American,Defensive Line,0.762881254156431,36.6183,48.0,2.1666666666666665,
Eastern Michigan,Mid-American,Linebacker,0.765131586476376,29.075,38.0,2.1578947368421053,
Eastern Michigan,Mid-American,Offensive Line,0.770143337051074,46.2086,60.0,2.216666666666667,
Eastern Michigan,Mid-American,Quarterback,0.778080770602593,20.2301,26.0,2.269230769230769,
Eastern Michigan,Mid-American,Receiver,0.770048487367052,50.8232,66.0,2.242424242424242,
Eastern Michigan,Mid-American,Running Back,0.765466662970456,25.2604,33.0,2.242424242424242,
Eastern Michigan,Mid-American,Special Teams,0.762966666902815,16.0223,21.0,2.1904761904761907,
Florida,SEC,Defensive Back,0.915163092669987,76.8737,84.0,3.7142857142857144,
Florida,SEC,Defensive Line,0.912683908966766,79.4035,87.0,3.8275862068965516,
Florida,SEC,Linebacker,0.910144682894362,42.7768,47.0,3.7021276595744683,
Florida,SEC,Offensive Line,0.893057749304973,63.4071,71.0,3.4788732394366195,
Florida,SEC,Quarterback,0.922848002910614,23.0712,25.0,3.88,
Florida,SEC,Receiver,0.910583531155306,77.3996,85.0,3.6470588235294117,
Florida,SEC,Running Back,0.913289274488177,25.5721,28.0,3.7142857142857144,
Florida,SEC,Special Teams,0.872488462007963,22.6847,26.0,3.230769230769231,
Florida Atlantic,Conference USA,Defensive Back,0.80305999815464,32.1224,40.0,2.625,
Florida Atlantic,Conference USA,Defensive Line,0.800708695598271,36.8326,46.0,2.5869565217391304,
Florida Atlantic,Conference USA,Linebacker,0.77524838332207,24.0327,31.0,2.3548387096774195,
Florida Atlantic,Conference USA,Offensive Line,0.782724390669567,32.0917,41.0,2.3902439024390243,
Florida Atlantic,Conference USA,Quarterback,0.792954542420127,8.7225,11.0,2.6363636363636362,
Florida Atlantic,Conference USA,Receiver,0.786326824164972,32.2394,41.0,2.4146341463414633,
Florida Atlantic,Conference USA,Running Back,0.789842312152569,20.5359,26.0,2.5384615384615383,
Florida Atlantic,Conference USA,Special Teams,0.791455003619194,15.8291,20.0,2.45,
Florida International,Conference USA,Defensive Back,0.78783051341267,46.482,59.0,2.3559322033898304,
Florida International,Conference USA,Defensive Line,0.7832050015529,46.9923,60.0,2.35,
Florida International,Conference USA,Linebacker,0.798082505166531,31.9233,40.0,2.5,
Florida International,Conference USA,Offensive Line,0.78002631455137,44.4615,57.0,2.2982456140350878,
Florida International,Conference USA,Quarterback,0.791228001117706,19.7807,25.0,2.48,
Florida International,Conference USA,Receiver,0.79094666937987,47.4568,60.0,2.3833333333333333,
Florida International,Conference USA,Running Back,0.802178263664246,18.4501,23.0,2.5652173913043477,
Florida International,Conference USA,Special Teams,0.784714809170476,21.1873,27.0,2.444444444444444,
Florida State,ACC,Defensive Back,0.924796053453496,70.2845,76.0,3.8552631578947367,
Florida State,ACC,Defensive Line,0.909579218982102,70.0376,77.0,3.7142857142857144,
Florida State,ACC,Linebacker,0.920680948666164,58.0029,63.0,3.8412698412698414,
Florida State,ACC,Offensive Line,0.878950702472472,62.4055,71.0,3.323943661971831,
Florida State,ACC,Quarterback,0.916049999495347,21.9852,24.0,3.7083333333333335,
Florida State,ACC,Receiver,0.902055070883986,62.2418,69.0,3.5942028985507246,
Florida State,ACC,Running Back,0.92675666809082,27.8027,30.0,4.0,
Florida State,ACC,Special Teams,0.879285720416478,30.775,35.0,3.4285714285714284,
Fresno State,Mountain West,Defensive Back,0.8064924557254,42.7441,53.0,2.6226415094339623,
Fresno State,Mountain West,Defensive Line,0.780979633331299,42.1729,54.0,2.4074074074074074,
Fresno State,Mountain West,Linebacker,0.790386666191949,35.5674,45.0,2.511111111111111,
Fresno State,Mountain West,Offensive Line,0.789273339509964,47.3564,60.0,2.4166666666666665,
Fresno State,Mountain West,Quarterback,0.819735302644617,13.9355,17.0,2.7058823529411766,
Fresno State,Mountain West,Receiver,0.795075478418818,42.139,53.0,2.4716981132075473,
Fresno State,Mountain West,Running Back,0.796031035225967,23.0849,29.0,2.586206896551724,
Fresno State,Mountain West,Special Teams,0.798603232829802,24.7567,31.0,2.5483870967741935,
Georgia,SEC,Defensive Back,0.900684724251429,64.8493,72.0,3.5416666666666665,
Georgia,SEC,Defensive Line,0.919556792871452,74.4841,81.0,3.814814814814815,
Georgia,SEC,Linebacker,0.917173332969348,55.0304,60.0,3.816666666666667,
Georgia,SEC,Offensive Line,0.89844285590308,75.4692,84.0,3.5476190476190474,
Georgia,SEC,Quarterback,0.924700001011724,21.2681,23.0,3.9565217391304346,
Georgia,SEC,Receiver,0.903423684992288,68.6602,76.0,3.5921052631578947,
Georgia,SEC,Running Back,0.927308576447623,32.4558,35.0,3.9714285714285715,
Georgia,SEC,Special Teams,0.877562068659684,25.4493,29.0,3.413793103448276,
Georgia Southern,Sun Belt,Defensive Back,0.811178573540279,22.713,28.0,2.7142857142857144,
Georgia Southern,Sun Belt,Defensive Line,0.802350007825428,28.8846,36.0,2.5833333333333335,
Georgia Southern,Sun Belt,Linebacker,0.801524996757507,9.6183,12.0,2.5,
Georgia Southern,Sun Belt,Offensive Line,0.792918523152669,21.4088,27.0,2.3333333333333335,
Georgia Southern,Sun Belt,Quarterback,0.796750004092852,9.561,12.0,2.3333333333333335,
Georgia Southern,Sun Belt,Receiver,0.800681821324609,17.615,22.0,2.5454545454545454,
Georgia Southern,Sun Belt,Running Back,0.796477788024478,14.3366,18.0,2.5,
Georgia Southern,Sun Belt,Special Teams,0.791208699993465,18.1978,23.0,2.4782608695652173,
Georgia State,Sun Belt,Defensive Back,0.790041380915149,22.9112,29.0,2.4482758620689653,
Georgia State,Sun Belt,Defensive Line,0.786053852393077,20.4374,26.0,2.269230769230769,
Georgia State,Sun Belt,Linebacker,0.797173912110536,18.335,23.0,2.4782608695652173,
Georgia State,Sun Belt,Offensive Line,0.793336671590805,23.8001,30.0,2.533333333333333,
Georgia State,Sun Belt,Quarterback,0.819850005209446,6.5588,8.0,2.75,
Georgia State,Sun Belt,Receiver,0.785543336470922,23.5663,30.0,2.3666666666666667,
Georgia State,Sun Belt,Running Back,0.783439993858337,7.8344,10.0,2.5,
Georgia State,Sun Belt,Special Teams,0.783350005745888,9.4002,12.0,2.3333333333333335,
Georgia Tech,ACC,Defensive Back,0.838538459631113,54.505,65.0,2.9076923076923076,
Georgia Tech,ACC,Defensive Line,0.843852858883994,59.0697,70.0,3.0,
Georgia Tech,ACC,Linebacker,0.843484616050353,43.8612,52.0,2.923076923076923,
Georgia Tech,ACC,Offensive Line,0.823650006590218,47.7717,58.0,2.8275862068965516,
Georgia Tech,ACC,Quarterback,0.850031820210544,18.7007,22.0,3.0,
Georgia Tech,ACC,Receiver,0.840883335581532,45.4077,54.0,2.925925925925926,
Georgia Tech,ACC,Running Back,0.845977503061295,33.8391,40.0,3.025,
Georgia Tech,ACC,Special Teams,0.839512823483883,32.741,39.0,2.923076923076923,
Hawai'i,Mountain West,Defensive Back,0.784893756111463,37.6749,48.0,2.3958333333333335,
Hawai'i,Mountain West,Defensive Line,0.787490913000974,43.312,55.0,2.4727272727272727,
Hawai'i,Mountain West,Linebacker,0.779079247195766,41.2912,53.0,2.339622641509434,
Hawai'i,Mountain West,Offensive Line,0.777390168338525,47.4208,61.0,2.2950819672131146,
Hawai'i,Mountain West,Quarterback,0.788455012440682,15.7691,20.0,2.45,
Hawai'i,Mountain West,Receiver,0.781984092159705,34.4073,44.0,2.409090909090909,
Hawai'i,Mountain West,Running Back,0.801757145495642,16.8369,21.0,2.619047619047619,
Hawai'i,Mountain West,Special Teams,0.805447374519549,15.3035,19.0,2.5789473684210527,
Houston,American Athletic,Defensive Back,0.799784489746751,46.3875,58.0,2.5517241379310347,
Houston,American Athletic,Defensive Line,0.810883339246114,48.653,60.0,2.6666666666666665,
Houston,American Athletic,Linebacker,0.805171432949248,33.8172,42.0,2.5238095238095237,
Houston,American Athletic,Offensive Line,0.801312861272267,56.0919,70.0,2.5428571428571427,
Houston,American Athletic,Quarterback,0.811852627678921,15.4252,19.0,2.6842105263157894,
Houston,American Athletic,Receiver,0.814195655394292,56.1795,69.0,2.7246376811594204,
Houston,American Athletic,Running Back,0.820536005496979,20.5134,25.0,2.68,
Houston,American Athletic,Special Teams,0.812922227713797,29.2652,36.0,2.7777777777777777,
Illinois,Big Ten,Defensive Back,0.823381968209001,50.2263,61.0,2.7868852459016393,
Illinois,Big Ten,Defensive Line,0.83725205921147,61.1194,73.0,2.9178082191780823,
Illinois,Big Ten,Linebacker,0.826220510861812,32.2226,39.0,2.8974358974358974,
Illinois,Big Ten,Offensive Line,0.831698616345724,59.8823,72.0,2.9027777777777777,
Illinois,Big Ten,Quarterback,0.840111116568247,22.683,27.0,2.925925925925926,
Illinois,Big Ten,Receiver,0.839433335739633,57.9209,69.0,2.971014492753623,
Illinois,Big Ten,Running Back,0.8375583373838,30.1521,36.0,2.9166666666666665,
Illinois,Big Ten,Special Teams,0.815291665494442,19.567,24.0,2.6666666666666665,
Indiana,Big Ten,Defensive Back,0.814941102511262,59.4907,73.0,2.6986301369863015,
Indiana,Big Ten,Defensive Line,0.821339437659358,58.3151,71.0,2.7746478873239435,
Indiana,Big Ten,Linebacker,0.817221059610969,31.0544,38.0,2.736842105263158,
Indiana,Big Ten,Offensive Line,0.815398552279541,56.2625,69.0,2.6956521739130435,
Indiana,Big Ten,Quarterback,0.828856003284454,20.7214,25.0,2.88,
Indiana,Big Ten,Receiver,0.824934154022031,67.6446,82.0,2.8048780487804876,
Indiana,Big Ten,Running Back,0.823700006306171,32.948,40.0,2.8,
Indiana,Big Ten,Special Teams,0.821313796372249,23.8181,29.0,2.586206896551724,
Iowa,Big Ten,Defensive Back,0.82650357910565,46.2842,56.0,2.7857142857142856,
Iowa,Big Ten,Defensive Line,0.846136234808659,58.3834,69.0,3.0144927536231885,
Iowa,Big Ten,Linebacker,0.833444645362241,46.6729,56.0,2.892857142857143,
Iowa,Big Ten,Offensive Line,0.86516271304276,51.0446,59.0,3.254237288135593,
Iowa,Big Ten,Quarterback,0.86075237535295,18.0758,21.0,3.0476190476190474,
Iowa,Big Ten,Receiver,0.842877777795943,53.1013,63.0,2.9682539682539684,
Iowa,Big Ten,Running Back,0.844742860112871,35.4792,42.0,2.9285714285714284,
Iowa,Big Ten,Special Teams,0.843963639302687,27.8508,33.0,3.0606060606060606,
Iowa State,Big 12,Defensive Back,0.818890004356702,49.1334,60.0,2.783333333333333,
Iowa State,Big 12,Defensive Line,0.814972886594675,48.0834,59.0,2.7288135593220337,
Iowa State,Big 12,Linebacker,0.814662269826205,43.1771,53.0,2.6792452830188678,
Iowa State,Big 12,Offensive Line,0.82271111673779,66.6396,81.0,2.802469135802469,
Iowa State,Big 12,Quarterback,0.837978261968364,19.2735,23.0,3.0,
Iowa State,Big 12,Receiver,0.828916666905085,49.735,60.0,2.9,
Iowa State,Big 12,Running Back,0.842851723062581,24.4427,29.0,3.0689655172413794,
Iowa State,Big 12,Special Teams,0.808331820097837,35.5666,44.0,2.6363636363636362,
Kansas,Big 12,Defensive Back,0.828061819076538,45.5434,55.0,2.8181818181818183,
Kansas,Big 12,Defensive Line,0.822870002985001,41.1435,50.0,2.76,
Kansas,Big 12,Linebacker,0.82784878335348,33.9418,41.0,2.8292682926829267,
Kansas,Big 12,Offensive Line,0.816267251968384,47.3435,58.0,2.689655172413793,
Kansas,Big 12,Quarterback,0.82673913758734,19.015,23.0,2.869565217391304,
Kansas,Big 12,Receiver,0.825936366211284,54.5118,66.0,2.803030303030303,
Kansas,Big 12,Running Back,0.845073074102402,21.9719,26.0,2.9615384615384617,
Kansas,Big 12,Special Teams,0.811882765128695,23.5446,29.0,2.689655172413793,
Kansas State,Big 12,Defensive Back,0.817478573748044,45.7788,56.0,2.7142857142857144,
Kansas State,Big 12,Defensive Line,0.829608202957716,50.6061,61.0,2.8688524590163933,
Kansas State,Big 12,Linebacker,0.82873784207009,30.6633,37.0,2.810810810810811,
Kansas State,Big 12,Offensive Line,0.827949182909043,50.5049,61.0,2.8688524590163933,
Kansas State,Big 12,Quarterback,0.842354997992516,16.8471,20.0,2.95,
Kansas State,Big 12,Receiver,0.818852944701326,41.7615,51.0,2.784313725490196,
Kansas State,Big 12,Running Back,0.832940004269282,24.9882,30.0,2.9,
Kansas State,Big 12,Special Teams,0.827315555678474,37.2292,45.0,2.8222222222222224,
Kent State,Mid-American,Defensive Back,0.77026478757321,54.6888,71.0,2.323943661971831,
Kent State,Mid-American,Defensive Line,0.773178189451044,42.5248,55.0,2.2545454545454544,
Kent State,Mid-American,Linebacker,0.771648153110787,41.669,54.0,2.259259259259259,
Kent State,Mid-American,Offensive Line,0.768300004725186,40.7199,53.0,2.207547169811321,
Kent State,Mid-American,Quarterback,0.778075002133846,18.6738,24.0,2.3333333333333335,
Kent State,Mid-American,Receiver,0.767729415613062,39.1542,51.0,2.215686274509804,
Kent State,Mid-American,Running Back,0.777978795947451,25.6733,33.0,2.212121212121212,
Kent State,Mid-American,Special Teams,0.764868749305606,24.4758,32.0,2.21875,
Kentucky,SEC,Defensive Back,0.855682610169701,39.3614,46.0,3.0652173913043477,
Kentucky,SEC,Defensive Line,0.855120341656572,50.4521,59.0,3.1016949152542375,
Kentucky,SEC,Linebacker,0.854696771790904,26.4956,31.0,3.161290322580645,
Kentucky,SEC,Offensive Line,0.850611542279904,44.2318,52.0,3.076923076923077,
Kentucky,SEC,Quarterback,0.861847064074348,14.6514,17.0,3.235294117647059,
Kentucky,SEC,Receiver,0.850508775627404,48.479,57.0,3.087719298245614,
Kentucky,SEC,Running Back,0.86373703788828,23.3209,27.0,3.111111111111111,
Kentucky,SEC,Special Teams,0.841407898225282,31.9735,38.0,3.0789473684210527,
Liberty,FBS Independents,Defensive Back,0.806184612787687,10.4804,13.0,2.5384615384615383,
Liberty,FBS Independents,Defensive Line,0.818983346223831,9.8278,12.0,2.8333333333333335,
Liberty,FBS Independents,Linebacker,0.808328568935394,5.6583,7.0,2.857142857142857,
Liberty,FBS Independents,Offensive Line,0.793976930471567,10.3217,13.0,2.4615384615384617,
Liberty,FBS Independents,Quarterback,0.788237504661083,6.3059,8.0,2.375,
Liberty,FBS Independents,Receiver,0.815036356449127,8.9654,11.0,2.909090909090909,
Liberty,FBS Independents,Running Back,0.793300002813339,1.5866,2.0,2.5,
Liberty,FBS Independents,Special Teams,0.789725005626678,3.1589,4.0,2.25,
Louisiana,Sun Belt,Defensive Back,0.780788242816925,39.8202,51.0,2.2941176470588234,
Louisiana,Sun Belt,Defensive Line,0.779866669575373,46.792,60.0,2.3333333333333335,
Louisiana,Sun Belt,Linebacker,0.77663784574818,28.7356,37.0,2.243243243243243,
Louisiana,Sun Belt,Offensive Line,0.777101696547815,45.849,59.0,2.2203389830508473,
Louisiana,Sun Belt,Quarterback,0.78961501121521,15.7923,20.0,2.4,
Louisiana,Sun Belt,Receiver,0.784008627307826,45.4725,58.0,2.3620689655172415,
Louisiana,Sun Belt,Running Back,0.794844837024294,23.0505,29.0,2.4482758620689653,
Louisiana,Sun Belt,Special Teams,0.784493548254813,24.3193,31.0,2.4516129032258065,
Louisiana Monroe,Sun Belt,Defensive Back,0.762368182341258,50.3163,66.0,2.1363636363636362,
Louisiana Monroe,Sun Belt,Defensive Line,0.772491672635078,46.3495,60.0,2.216666666666667,
Louisiana Monroe,Sun Belt,Linebacker,0.769626670413547,34.6332,45.0,2.2444444444444445,
Louisiana Monroe,Sun Belt,Offensive Line,0.765627146618707,53.5939,70.0,2.1714285714285713,
Louisiana Monroe,Sun Belt,Quarterback,0.77024445048085,20.7966,27.0,2.2962962962962963,
Louisiana Monroe,Sun Belt,Receiver,0.766820691782853,44.4756,58.0,2.1724137931034484,
Louisiana Monroe,Sun Belt,Running Back,0.766279321292351,22.2221,29.0,2.1379310344827585,
Louisiana Monroe,Sun Belt,Special Teams,0.759609680021963,23.5479,31.0,2.129032258064516,
Louisiana Tech,Conference USA,Defensive Back,0.804214819713875,43.4276,54.0,2.574074074074074,
Louisiana Tech,Conference USA,Defensive Line,0.798121566865958,40.7042,51.0,2.588235294117647,
Louisiana Tech,Conference USA,Linebacker,0.794394739364323,30.187,38.0,2.4473684210526314,
Louisiana Tech,Conference USA,Offensive Line,0.780336738849173,38.2365,49.0,2.326530612244898,
Louisiana Tech,Conference USA,Quarterback,0.820635294213015,13.9508,17.0,2.8823529411764706,
Louisiana Tech,Conference USA,Receiver,0.792210261027018,30.8962,39.0,2.4615384615384617,
Louisiana Tech,Conference USA,Running Back,0.796214818954468,21.4978,27.0,2.5185185185185186,
Louisiana Tech,Conference USA,Special Teams,0.795991894361135,29.4517,37.0,2.5675675675675675,
Louisville,ACC,Defensive Back,0.842054843902588,52.2074,62.0,2.967741935483871,
Louisville,ACC,Defensive Line,0.839308064791464,52.0371,62.0,2.9516129032258065,
Louisville,ACC,Linebacker,0.836732611708019,38.4897,46.0,2.891304347826087,
Louisville,ACC,Offensive Line,0.819758215946938,54.9238,67.0,2.716417910447761,
Louisville,ACC,Quarterback,0.853219054994129,17.9176,21.0,3.0476190476190474,
Louisville,ACC,Receiver,0.832710147767827,57.457,69.0,2.8405797101449277,
Louisville,ACC,Running Back,0.842623075613609,21.9082,26.0,2.8846153846153846,
Louisville,ACC,Special Teams,0.841803574136325,23.5705,28.0,3.0,
LSU,SEC,Defensive Back,0.91430789232254,69.4874,76.0,3.763157894736842,
LSU,SEC,Defensive Line,0.921412358123265,82.0057,89.0,3.7865168539325844,
LSU,SEC,Linebacker,0.900780851536609,42.3367,47.0,3.6382978723404253,
LSU,SEC,Offensive Line,0.902594802441535,69.4998,77.0,3.5454545454545454,
LSU,SEC,Quarterback,0.910208699495896,20.9348,23.0,3.739130434782609,
LSU,SEC,Receiver,0.913213923007627,72.1439,79.0,3.7974683544303796,
LSU,SEC,Running Back,0.919091666738192,33.0873,36.0,3.805555555555556,
LSU,SEC,Special Teams,0.869733333587646,39.138,45.0,3.2444444444444445,
Marshall,Conference USA,Defensive Back,0.803039068356156,51.3945,64.0,2.546875,
Marshall,Conference USA,Defensive Line,0.781673469105545,38.302,49.0,2.4285714285714284,
Marshall,Conference USA,Linebacker,0.799312503387531,38.367,48.0,2.5625,
Marshall,Conference USA,Offensive Line,0.783578691912479,47.7983,61.0,2.3114754098360657,
Marshall,Conference USA,Quarterback,0.81634400844574,20.4086,25.0,2.72,
Marshall,Conference USA,Receiver,0.798418189540054,52.6956,66.0,2.5,
Marshall,Conference USA,Running Back,0.798446158568064,31.1394,39.0,2.5128205128205128,
Marshall,Conference USA,Special Teams,0.789155564926289,21.3072,27.0,2.444444444444444,
Maryland,Big Ten,Defensive Back,0.845847455121703,49.905,59.0,3.0338983050847457,
Maryland,Big Ten,Defensive Line,0.845377778013547,60.8672,72.0,3.0416666666666665,
Maryland,Big Ten,Linebacker,0.854098147816128,46.1213,54.0,3.1666666666666665,
Maryland,Big Ten,Offensive Line,0.845438029564602,60.0261,71.0,3.0704225352112675,
Maryland,Big Ten,Quarterback,0.853520837922891,20.4845,24.0,3.0416666666666665,
Maryland,Big Ten,Receiver,0.856585485319937,53.1083,62.0,3.1129032258064515,
Maryland,Big Ten,Running Back,0.850507144417082,23.8142,28.0,3.0714285714285716,
Maryland,Big Ten,Special Teams,0.828697364581259,31.4905,38.0,2.8421052631578947,
Memphis,American Athletic,Defensive Back,0.798708625908556,46.3251,58.0,2.5,
Memphis,American Athletic,Defensive Line,0.805789475901085,45.93,57.0,2.6315789473684212,
Memphis,American Athletic,Linebacker,0.797573335965474,35.8908,45.0,2.511111111111111,
Memphis,American Athletic,Offensive Line,0.783231892447541,54.043,69.0,2.318840579710145,
Memphis,American Athletic,Quarterback,0.815436005592346,20.3859,25.0,2.76,
Memphis,American Athletic,Receiver,0.792285719561198,49.914,63.0,2.4761904761904763,
Memphis,American Athletic,Running Back,0.800031259655952,25.601,32.0,2.59375,
Memphis,American Athletic,Special Teams,0.795439400456168,26.2495,33.0,2.484848484848485,
Miami,ACC,Defensive Back,0.891568420748962,67.7592,76.0,3.5789473684210527,
Miami,ACC,Defensive Line,0.89330853412791,73.2513,82.0,3.5121951219512195,
Miami,ACC,Linebacker,0.886635185391815,47.8783,54.0,3.3703703703703702,
Miami,ACC,Offensive Line,0.883482756285832,51.242,58.0,3.413793103448276,
Miami,ACC,Quarterback,0.896822728893974,19.7301,22.0,3.590909090909091,
Miami,ACC,Receiver,0.89794430249854,70.9376,79.0,3.481012658227848,
Miami,ACC,Running Back,0.925671425887517,32.3985,35.0,3.914285714285714,
Miami,ACC,Special Teams,0.873573329051336,26.2072,30.0,3.433333333333333,
Miami (OH),Mid-American,Defensive Back,0.785371436013116,49.4784,63.0,2.365079365079365,
Miami (OH),Mid-American,Defensive Line,0.777308003902435,38.8654,50.0,2.24,
Miami (OH),Mid-American,Linebacker,0.77473091320558,42.6102,55.0,2.2727272727272725,
Miami (OH),Mid-American,Offensive Line,0.791274246844378,52.2241,66.0,2.4393939393939394,
Miami (OH),Mid-American,Quarterback,0.806836840353514,15.3299,19.0,2.6315789473684212,
Miami (OH),Mid-American,Receiver,0.784327064542209,66.6678,85.0,2.376470588235294,
Miami (OH),Mid-American,Running Back,0.788060471068981,33.8866,43.0,2.441860465116279,
Miami (OH),Mid-American,Special Teams,0.784593545621441,24.3224,31.0,2.3870967741935485,
Michigan,Big Ten,Defensive Back,0.899197259994402,65.6414,73.0,3.5753424657534247,
Michigan,Big Ten,Defensive Line,0.900018071553793,74.7015,83.0,3.5903614457831323,
Michigan,Big Ten,Linebacker,0.900835184035478,48.6451,54.0,3.574074074074074,
Michigan,Big Ten,Offensive Line,0.89945466597875,67.4591,75.0,3.56,
Michigan,Big Ten,Quarterback,0.903204549442638,19.8705,22.0,3.6363636363636362,
Michigan,Big Ten,Receiver,0.901075676486299,66.6796,74.0,3.5675675675675675,
Michigan,Big Ten,Running Back,0.889242219924927,40.0159,45.0,3.444444444444444,
Michigan,Big Ten,Special Teams,0.857786842082676,32.5959,38.0,3.1842105263157894,
Michigan State,Big Ten,Defensive Back,0.856290911544453,47.096,55.0,3.1272727272727274,
Michigan State,Big Ten,Defensive Line,0.850166669790296,58.6615,69.0,3.0434782608695654,
Michigan State,Big Ten,Linebacker,0.854478262040926,39.306,46.0,3.0869565217391304,
Michigan State,Big Ten,Offensive Line,0.852794121293461,57.99,68.0,3.014705882352941,
Michigan State,Big Ten,Quarterback,0.860682619654614,19.7957,23.0,3.1739130434782608,
Michigan State,Big Ten,Receiver,0.859822370504078,65.3465,76.0,3.1052631578947367,
Michigan State,Big Ten,Running Back,0.857668575218746,30.0184,35.0,3.0285714285714285,
Michigan State,Big Ten,Special Teams,0.826269232309782,32.2245,39.0,2.8461538461538463,
Middle Tennessee,Conference USA,Defensive Back,0.785363837759546,36.9121,47.0,2.3617021276595747,
Middle Tennessee,Conference USA,Defensive Line,0.779060001174609,46.7436,60.0,2.3666666666666667,
Middle Tennessee,Conference USA,Linebacker,0.777640006277296,34.9938,45.0,2.311111111111111,
Middle Tennessee,Conference USA,Offensive Line,0.772550822281447,47.1256,61.0,2.3114754098360657,
Middle Tennessee,Conference USA,Quarterback,0.79977500140667,15.9955,20.0,2.55,
Middle Tennessee,Conference USA,Receiver,0.785165455124595,43.1841,55.0,2.418181818181818,
Middle Tennessee,Conference USA,Running Back,0.795560728226389,22.2757,28.0,2.4642857142857144,
Middle Tennessee,Conference USA,Special Teams,0.782851432050977,27.3998,35.0,2.4571428571428573,
Minnesota,Big Ten,Defensive Back,0.81720000764598,56.3868,69.0,2.710144927536232,
Minnesota,Big Ten,Defensive Line,0.823044289009912,57.6131,70.0,2.7714285714285714,
Minnesota,Big Ten,Linebacker,0.825822731310671,36.3362,44.0,2.7954545454545454,
Minnesota,Big Ten,Offensive Line,0.830878790580865,54.838,66.0,2.8181818181818183,
Minnesota,Big Ten,Quarterback,0.831425003707409,26.6056,32.0,2.90625,
Minnesota,Big Ten,Receiver,0.825072607765459,60.2303,73.0,2.808219178082192,
Minnesota,Big Ten,Running Back,0.838816669252184,30.1974,36.0,2.9166666666666665,
Minnesota,Big Ten,Special Teams,0.805776926187369,41.9004,52.0,2.6153846153846154,
Mississippi State,SEC,Defensive Back,0.862805084656861,50.9055,59.0,3.1186440677966103,
Mississippi State,SEC,Defensive Line,0.855102816098173,60.7123,71.0,3.1549295774647885,
Mississippi State,SEC,Linebacker,0.849206821484999,37.3651,44.0,3.0454545454545454,
Mississippi State,SEC,Offensive Line,0.832642258892597,59.1176,71.0,2.9014084507042255,
Mississippi State,SEC,Quarterback,0.841576924690833,21.881,26.0,3.1538461538461537,
Mississippi State,SEC,Receiver,0.841542428190058,55.5418,66.0,2.9696969696969697,
Mississippi State,SEC,Running Back,0.856382150735174,23.9787,28.0,3.142857142857143,
Mississippi State,SEC,Special Teams,0.843261019658234,49.7524,59.0,2.9661016949152543,
Missouri,SEC,Defensive Back,0.841835819073577,56.403,67.0,2.970149253731343,
Missouri,SEC,Defensive Line,0.843209722803699,60.7111,72.0,2.986111111111111,
Missouri,SEC,Linebacker,0.845959087664431,37.2222,44.0,3.0,
Missouri,SEC,Offensive Line,0.846979110098597,56.7476,67.0,3.029850746268657,
Missouri,SEC,Quarterback,0.879166665176551,21.1,24.0,3.2916666666666665,
Missouri,SEC,Receiver,0.848518917689452,62.7904,74.0,3.027027027027027,
Missouri,SEC,Running Back,0.851748391505211,26.4042,31.0,3.032258064516129,
Missouri,SEC,Special Teams,0.838876674572627,25.1663,30.0,2.8666666666666667,
Navy,American Athletic,Defensive Back,0.774686891524518,47.2559,61.0,2.2295081967213113,
Navy,American Athletic,Defensive Line,0.774332842720089,51.8803,67.0,2.208955223880597,
Navy,American Athletic,Linebacker,0.772409098488944,59.4755,77.0,2.207792207792208,
Navy,American Athletic,Offensive Line,0.775141382011874,44.9582,58.0,2.206896551724138,
Navy,American Athletic,Quarterback,0.771740009387334,23.1522,30.0,2.2,
Navy,American Athletic,Receiver,0.76703810266086,32.2156,42.0,2.119047619047619,
Navy,American Athletic,Running Back,0.783770734217109,32.1346,41.0,2.3658536585365852,
Navy,American Athletic,Special Teams,0.77736667295297,27.9852,36.0,2.2777777777777777,
NC State,ACC,Defensive Back,0.843626988312555,53.1485,63.0,2.9365079365079363,
NC State,ACC,Defensive Line,0.843192212767415,64.9258,77.0,2.974025974025974,
NC State,ACC,Linebacker,0.84372499991547,37.1239,44.0,3.0,
NC State,ACC,Offensive Line,0.839837711365497,51.2301,61.0,2.9344262295081966,
NC State,ACC,Quarterback,0.852866669495901,15.3516,18.0,3.1666666666666665,
NC State,ACC,Receiver,0.84318194207218,60.7091,72.0,3.0,
NC State,ACC,Running Back,0.86481852001614,23.3501,27.0,3.2222222222222223,
NC State,ACC,Special Teams,0.825551285193517,32.1965,39.0,2.871794871794872,
Nebraska,Big Ten,Defensive Back,0.863728301705055,45.7776,53.0,3.169811320754717,
Nebraska,Big Ten,Defensive Line,0.863594735139295,65.6332,76.0,3.1315789473684212,
Nebraska,Big Ten,Linebacker,0.868694999814034,34.7478,40.0,3.25,
Nebraska,Big Ten,Offensive Line,0.866516923904419,56.3236,65.0,3.2153846153846155,
Nebraska,Big Ten,Quarterback,0.876370003819466,17.5274,20.0,3.35,
Nebraska,Big Ten,Receiver,0.861186154072101,55.9771,65.0,3.123076923076923,
Nebraska,Big Ten,Running Back,0.875257895181054,33.2598,38.0,3.236842105263158,
Nebraska,Big Ten,Special Teams,0.844120933565983,36.2972,43.0,2.953488372093023,
Nevada,Mountain West,Defensive Back,0.787106785733821,46.4393,59.0,2.4067796610169494,
Nevada,Mountain West,Defensive Line,0.779446164002785,40.5312,52.0,2.3076923076923075,
Nevada,Mountain West,Linebacker,0.781706902487525,45.339,58.0,2.396551724137931,
Nevada,Mountain West,Offensive Line,0.774503282836226,47.2447,61.0,2.3442622950819674,
Nevada,Mountain West,Quarterback,0.796870005130768,15.9374,20.0,2.5,
Nevada,Mountain West,Receiver,0.787512732635845,43.3132,55.0,2.381818181818182,
Nevada,Mountain West,Running Back,0.771852177122365,17.7526,23.0,2.260869565217391,
Nevada,Mountain West,Special Teams,0.787778129801154,25.2089,32.0,2.4375,
New Mexico,Mountain West,Defensive Back,0.771672888327453,45.5287,59.0,2.2711864406779663,
New Mexico,Mountain West,Defensive Line,0.787980959528968,33.0952,42.0,2.4285714285714284,
New Mexico,Mountain West,Linebacker,0.769629032381119,23.8585,31.0,2.2903225806451615,
New Mexico,Mountain West,Offensive Line,0.772915696396547,39.4187,51.0,2.313725490196078,
New Mexico,Mountain West,Quarterback,0.798028574103401,16.7586,21.0,2.619047619047619,
New Mexico,Mountain West,Receiver,0.790603709441644,42.6926,54.0,2.444444444444444,
New Mexico,Mountain West,Running Back,0.790466671188672,18.9712,24.0,2.4583333333333335,
New Mexico,Mountain West,Special Teams,0.785985712494169,22.0076,28.0,2.357142857142857,
New Mexico State,FBS Independents,Defensive Back,0.764721051642769,29.0594,38.0,2.236842105263158,
New Mexico State,FBS Independents,Defensive Line,0.765845457712809,25.2729,33.0,2.212121212121212,
New Mexico State,FBS Independents,Linebacker,0.768523327509562,23.0557,30.0,2.1,
New Mexico State,FBS Independents,Offensive Line,0.75958571263722,37.2197,49.0,2.183673469387755,
New Mexico State,FBS Independents,Quarterback,0.782631579198335,14.87,19.0,2.473684210526316,
New Mexico State,FBS Independents,Receiver,0.761109096082774,33.4888,44.0,2.0681818181818183,
New Mexico State,FBS Independents,Running Back,0.770295651062675,17.7168,23.0,2.260869565217391,
New Mexico State,FBS Independents,Special Teams,0.77325000507491,10.8255,14.0,2.2857142857142856,
North Carolina,ACC,Defensive Back,0.845564177676813,56.6528,67.0,3.014925373134328,
North Carolina,ACC,Defensive Line,0.868043419561888,65.9713,76.0,3.263157894736842,
North Carolina,ACC,Linebacker,0.862661365758289,37.9571,44.0,3.1363636363636362,
North Carolina,ACC,Offensive Line,0.86366418048517,57.8655,67.0,3.1641791044776117,
North Carolina,ACC,Quarterback,0.877728006839752,21.9432,25.0,3.36,
North Carolina,ACC,Receiver,0.863859213496509,65.6533,76.0,3.1447368421052633,
North Carolina,ACC,Running Back,0.860989658996977,24.9687,29.0,3.1724137931034484,
North Carolina,ACC,Special Teams,0.846725000689427,40.6428,48.0,2.9791666666666665,
Northern Illinois,Mid-American,Defensive Back,0.776290477031753,65.2084,84.0,2.357142857142857,
Northern Illinois,Mid-American,Defensive Line,0.778869845564403,49.0688,63.0,2.3174603174603177,
Northern Illinois,Mid-American,Linebacker,0.777857693342062,40.4486,52.0,2.326923076923077,
Northern Illinois,Mid-American,Offensive Line,0.780793158158864,56.9979,73.0,2.328767123287671,
Northern Illinois,Mid-American,Quarterback,0.788531036212527,22.8674,29.0,2.4482758620689653,
Northern Illinois,Mid-American,Receiver,0.771592411813857,60.9558,79.0,2.240506329113924,
Northern Illinois,Mid-American,Running Back,0.785987100293559,24.3656,31.0,2.3225806451612905,
Northern Illinois,Mid-American,Special Teams,0.762915384310942,19.8358,26.0,2.230769230769231,
North Texas,Conference USA,Defensive Back,0.78968163047518,38.6944,49.0,2.489795918367347,
North Texas,Conference USA,Defensive Line,0.764475717714855,53.5133,70.0,2.2142857142857144,
North Texas,Conference USA,Linebacker,0.782988236230962,26.6216,34.0,2.3529411764705883,
North Texas,Conference USA,Offensive Line,0.777211319725468,41.1922,53.0,2.2830188679245285,
North Texas,Conference USA,Quarterback,0.776529413812301,13.201,17.0,2.2941176470588234,
North Texas,Conference USA,Receiver,0.79363704389996,42.8564,54.0,2.5,
North Texas,Conference USA,Running Back,0.784773917301841,18.0498,23.0,2.3478260869565215,
North Texas,Conference USA,Special Teams,0.783691294815229,18.0249,23.0,2.3478260869565215,
Northwestern,Big Ten,Defensive Back,0.825641509496941,43.759,53.0,2.7735849056603774,
Northwestern,Big Ten,Defensive Line,0.832729097929868,45.8001,55.0,2.8181818181818183,
Northwestern,Big Ten,Linebacker,0.829575008402268,39.8196,48.0,2.7916666666666665,
Northwestern,Big Ten,Offensive Line,0.838786958784297,57.8763,69.0,2.9420289855072466,
Northwestern,Big Ten,Quarterback,0.85623499751091,17.1247,20.0,3.15,
Northwestern,Big Ten,Receiver,0.822721880860627,52.6542,64.0,2.796875,
Northwestern,Big Ten,Running Back,0.835118751972914,26.7238,32.0,2.90625,
Northwestern,Big Ten,Special Teams,0.820206258445978,26.2466,32.0,2.75,
Notre Dame,FBS Independents,Defensive Back,0.888868181994467,58.6653,66.0,3.4545454545454546,
Notre Dame,FBS Independents,Defensive Line,0.891704347686491,61.5276,69.0,3.4782608695652173,
Notre Dame,FBS Independents,Linebacker,0.900651725201771,52.2378,58.0,3.5517241379310347,
Notre Dame,FBS Independents,Offensive Line,0.914997221695052,65.8798,72.0,3.7083333333333335,
Notre Dame,FBS Independents,Quarterback,0.904903847437639,23.5275,26.0,3.6923076923076925,
Notre Dame,FBS Independents,Receiver,0.911251278259815,71.0776,78.0,3.7051282051282053,
Notre Dame,FBS Independents,Running Back,0.903354541821913,29.8107,33.0,3.6666666666666665,
Notre Dame,FBS Independents,Special Teams,0.853823335965474,25.6147,30.0,3.066666666666667,
Ohio,Mid-American,Defensive Back,0.77639600276947,38.8198,50.0,2.34,
Ohio,Mid-American,Defensive Line,0.769805556094205,41.5695,54.0,2.259259259259259,
Ohio,Mid-American,Linebacker,0.771560004022386,34.7202,45.0,2.2222222222222223,
Ohio,Mid-American,Offensive Line,0.776141095651339,56.6583,73.0,2.3013698630136985,
Ohio,Mid-American,Quarterback,0.781743753701448,12.5079,16.0,2.4375,
Ohio,Mid-American,Receiver,0.776550004524844,43.4868,56.0,2.3214285714285716,
Ohio,Mid-American,Running Back,0.766564002037048,19.1641,25.0,2.24,
Ohio,Mid-American,Special Teams,0.772342856441225,21.6256,28.0,2.25,
Ohio State,Big Ten,Defensive Back,0.92398088293917,62.8307,68.0,3.8823529411764706,
Ohio State,Big Ten,Defensive Line,0.92390277567837,66.521,72.0,3.861111111111111,
Ohio State,Big Ten,Linebacker,0.932795746529356,43.8414,47.0,4.042553191489362,
Ohio State,Big Ten,Offensive Line,0.917163335283597,55.0298,60.0,3.75,
Ohio State,Big Ten,Quarterback,0.931333335240682,13.97,15.0,4.066666666666666,
Ohio State,Big Ten,Receiver,0.927910526593526,52.8909,57.0,3.8596491228070176,
Ohio State,Big Ten,Running Back,0.931490323235912,28.8762,31.0,3.838709677419355,
Ohio State,Big Ten,Special Teams,0.886371427348682,24.8184,28.0,3.392857142857143,
Oklahoma,Big 12,Defensive Back,0.904807246249655,62.4317,69.0,3.63768115942029,
Oklahoma,Big 12,Defensive Line,0.8973837479949,71.7907,80.0,3.575,
Oklahoma,Big 12,Linebacker,0.910307144834882,38.2329,42.0,3.619047619047619,
Oklahoma,Big 12,Offensive Line,0.892135712930134,62.4495,70.0,3.5142857142857142,
Oklahoma,Big 12,Quarterback,0.920395001769066,18.4079,20.0,3.8,
Oklahoma,Big 12,Receiver,0.902358105859241,66.7745,74.0,3.5405405405405403,
Oklahoma,Big 12,Running Back,0.925540000200272,27.7662,30.0,3.966666666666667,
Oklahoma,Big 12,Special Teams,0.870789655323686,25.2529,29.0,3.1379310344827585,
Oklahoma State,Big 12,Defensive Back,0.851574999590715,61.3134,72.0,3.0416666666666665,
Oklahoma State,Big 12,Defensive Line,0.854351565241814,54.6785,64.0,3.09375,
Oklahoma State,Big 12,Linebacker,0.848239583273729,40.7155,48.0,2.9791666666666665,
Oklahoma State,Big 12,Offensive Line,0.839180600287309,56.2251,67.0,2.925373134328358,
Oklahoma State,Big 12,Quarterback,0.878085002303123,17.5617,20.0,3.45,
Oklahoma State,Big 12,Receiver,0.852964517570311,52.8838,62.0,3.064516129032258,
Oklahoma State,Big 12,Running Back,0.847822220237167,22.8912,27.0,2.962962962962963,
Oklahoma State,Big 12,Special Teams,0.841667926536416,44.6084,53.0,2.9245283018867925,
Old Dominion,Conference USA,Defensive Back,0.792076669136683,23.7623,30.0,2.4,
Old Dominion,Conference USA,Defensive Line,0.787496969555364,25.9874,33.0,2.4545454545454546,
Old Dominion,Conference USA,Linebacker,0.788372727957639,17.3442,22.0,2.3636363636363638,
Old Dominion,Conference USA,Offensive Line,0.778736004829407,19.4684,25.0,2.2,
Old Dominion,Conference USA,Quarterback,0.797181812199679,8.769,11.0,2.5454545454545454,
Old Dominion,Conference USA,Receiver,0.787557895246305,29.9272,38.0,2.3157894736842106,
Old Dominion,Conference USA,Running Back,0.795571433646338,11.138,14.0,2.4285714285714284,
Old Dominion,Conference USA,Special Teams,0.769541660944621,18.469,24.0,2.125,
Ole Miss,SEC,Defensive Back,0.854384617622082,55.535,65.0,3.0615384615384613,
Ole Miss,SEC,Defensive Line,0.872154839577213,54.0736,62.0,3.274193548387097,
Ole Miss,SEC,Linebacker,0.844950000445048,45.6273,54.0,2.9814814814814814,
Ole Miss,SEC,Offensive Line,0.858881334463755,64.4161,75.0,3.0933333333333333,
Ole Miss,SEC,Quarterback,0.86782273108309,19.0921,22.0,3.3181818181818183,
Ole Miss,SEC,Receiver,0.874275342242358,63.8221,73.0,3.26027397260274,
Ole Miss,SEC,Running Back,0.864902325840883,37.1908,43.0,3.2093023255813953,
Ole Miss,SEC,Special Teams,0.835341381615606,24.2249,29.0,2.793103448275862,
Oregon,Pac-12,Defensive Back,0.870000003940529,62.64,72.0,3.2083333333333335,
Oregon,Pac-12,Defensive Line,0.864137680634208,59.6255,69.0,3.1884057971014492,
Oregon,Pac-12,Linebacker,0.87362666659885,39.3132,45.0,3.2888888888888888,
Oregon,Pac-12,Offensive Line,0.866258464409755,56.3068,65.0,3.1846153846153844,
Oregon,Pac-12,Quarterback,0.886247826659161,20.3837,23.0,3.4347826086956523,
Oregon,Pac-12,Receiver,0.863756452837298,53.5529,62.0,3.193548387096774,
Oregon,Pac-12,Running Back,0.904574196184835,28.0418,31.0,3.6774193548387095,
Oregon,Pac-12,Special Teams,0.851805005967617,34.0722,40.0,3.075,
Oregon State,Pac-12,Defensive Back,0.818933339030654,44.2224,54.0,2.7962962962962963,
Oregon State,Pac-12,Defensive Line,0.818078848031851,42.5401,52.0,2.6923076923076925,
Oregon State,Pac-12,Linebacker,0.833619608598597,42.5146,51.0,2.9019607843137254,
Oregon State,Pac-12,Offensive Line,0.8239676522858,56.0298,68.0,2.838235294117647,
Oregon State,Pac-12,Quarterback,0.847081815654581,18.6358,22.0,3.0454545454545454,
Oregon State,Pac-12,Receiver,0.829522389974167,55.578,67.0,2.8656716417910446,
Oregon State,Pac-12,Running Back,0.835639999594007,29.2474,35.0,2.914285714285714,
Oregon State,Pac-12,Special Teams,0.830821214300213,27.4171,33.0,2.878787878787879,
Penn State,Big Ten,Defensive Back,0.865940003593763,51.9564,60.0,3.2666666666666666,
Penn State,Big Ten,Defensive Line,0.885374391224326,72.6007,82.0,3.4634146341463414,
Penn State,Big Ten,Linebacker,0.899918921895929,33.297,37.0,3.5945945945945947,
Penn State,Big Ten,Offensive Line,0.88344415441736,68.0252,77.0,3.3506493506493507,
Penn State,Big Ten,Quarterback,0.877526925160335,22.8157,26.0,3.3846153846153846,
Penn State,Big Ten,Receiver,0.881631944742468,63.4775,72.0,3.430555555555556,
Penn State,Big Ten,Running Back,0.890246871858835,28.4879,32.0,3.53125,
Penn State,Big Ten,Special Teams,0.843886961107669,19.4094,23.0,3.0434782608695654,
Pittsburgh,ACC,Defensive Back,0.846771665414174,50.8063,60.0,3.0,
Pittsburgh,ACC,Defensive Line,0.846958902600693,61.828,73.0,3.0273972602739727,
Pittsburgh,ACC,Linebacker,0.83432941460142,42.5508,51.0,2.9019607843137254,
Pittsburgh,ACC,Offensive Line,0.840117743899745,52.0873,62.0,2.9838709677419355,
Pittsburgh,ACC,Quarterback,0.860731821168553,18.9361,22.0,3.1363636363636362,
Pittsburgh,ACC,Receiver,0.842212500671546,60.6393,72.0,2.986111111111111,
Pittsburgh,ACC,Running Back,0.857331823218953,37.7226,44.0,3.159090909090909,
Pittsburgh,ACC,Special Teams,0.833836587463937,34.1873,41.0,2.8048780487804876,
Purdue,Big Ten,Defensive Back,0.821216671555131,44.3457,54.0,2.759259259259259,
Purdue,Big Ten,Defensive Line,0.834526028535137,60.9204,73.0,2.9315068493150687,
Purdue,Big Ten,Linebacker,0.821341303379639,37.7817,46.0,2.8260869565217392,
Purdue,Big Ten,Offensive Line,0.825114037906914,47.0315,57.0,2.8421052631578947,
Purdue,Big Ten,Quarterback,0.855000003524449,19.665,23.0,3.130434782608696,
Purdue,Big Ten,Receiver,0.834600004355113,62.595,75.0,2.9466666666666668,
Purdue,Big Ten,Running Back,0.839391996860504,20.9848,25.0,3.0,
Purdue,Big Ten,Special Teams,0.812842595356482,43.8935,54.0,2.685185185185185,
Rice,Conference USA,Defensive Back,0.788927126738985,46.5467,59.0,2.3220338983050848,
Rice,Conference USA,Defensive Line,0.782254906261668,39.895,51.0,2.3333333333333335,
Rice,Conference USA,Linebacker,0.786326671971215,35.3847,45.0,2.3333333333333335,
Rice,Conference USA,Offensive Line,0.78328750282526,50.1304,64.0,2.3125,
Rice,Conference USA,Quarterback,0.800186669826508,12.0028,15.0,2.6,
Rice,Conference USA,Receiver,0.779357897607904,44.4234,57.0,2.2982456140350878,
Rice,Conference USA,Running Back,0.79455385529078,20.6584,26.0,2.5,
Rice,Conference USA,Special Teams,0.791577272794463,34.8294,44.0,2.4772727272727275,
Rutgers,Big Ten,Defensive Back,0.820766674147712,44.3214,54.0,2.7777777777777777,
Rutgers,Big Ten,Defensive Line,0.835193057027128,60.1339,72.0,2.9583333333333335,
Rutgers,Big Ten,Linebacker,0.819760317840273,51.6449,63.0,2.8095238095238093,
Rutgers,Big Ten,Offensive Line,0.829912123354999,54.7742,66.0,2.878787878787879,
Rutgers,Big Ten,Quarterback,0.833162501454353,19.9959,24.0,2.9166666666666665,
Rutgers,Big Ten,Receiver,0.830695004264514,49.8417,60.0,2.8833333333333333,
Rutgers,Big Ten,Running Back,0.84657368691344,32.1698,38.0,3.0526315789473686,
Rutgers,Big Ten,Special Teams,0.836295749278779,39.3059,47.0,2.8297872340425534,
San Diego State,Mountain West,Defensive Back,0.806219655488219,45.1483,56.0,2.5892857142857144,
San Diego State,Mountain West,Defensive Line,0.794518522642277,42.904,54.0,2.5,
San Diego State,Mountain West,Linebacker,0.811250004768372,40.5625,50.0,2.66,
San Diego State,Mountain West,Offensive Line,0.797489707960802,54.2293,68.0,2.573529411764706,
San Diego State,Mountain West,Quarterback,0.809586962927943,18.6205,23.0,2.6521739130434785,
San Diego State,Mountain West,Receiver,0.802797440534983,62.6182,78.0,2.58974358974359,
San Diego State,Mountain West,Running Back,0.826870962496727,25.633,31.0,2.903225806451613,
San Diego State,Mountain West,Special Teams,0.795000004768372,23.85,30.0,2.4,
San Jos State,Mountain West,Defensive Back,0.792450003899061,41.2074,52.0,2.5,
San Jos State,Mountain West,Defensive Line,0.773431913649782,36.3513,47.0,2.2340425531914896,
San Jos State,Mountain West,Linebacker,0.777026832103729,31.8581,41.0,2.292682926829268,
San Jos State,Mountain West,Offensive Line,0.780044903560561,38.2222,49.0,2.3469387755102042,
San Jos State,Mountain West,Quarterback,0.797475010156631,12.7596,16.0,2.4375,
San Jos State,Mountain West,Receiver,0.791130913387645,43.5122,55.0,2.4363636363636365,
San Jos State,Mountain West,Running Back,0.791573918384054,18.2062,23.0,2.4782608695652173,
San Jos State,Mountain West,Special Teams,0.784488000869751,19.6122,25.0,2.44,
SMU,American Athletic,Defensive Back,0.799710943363607,51.1815,64.0,2.5,
SMU,American Athletic,Defensive Line,0.793706902142229,46.035,58.0,2.4482758620689653,
SMU,American Athletic,Linebacker,0.801343639330431,44.0739,55.0,2.5454545454545454,
SMU,American Athletic,Offensive Line,0.796717511117458,63.7374,80.0,2.4625,
SMU,American Athletic,Quarterback,0.817390478792645,17.1652,21.0,2.761904761904762,
SMU,American Athletic,Receiver,0.804274198509032,49.865,62.0,2.467741935483871,
SMU,American Athletic,Running Back,0.811682615591132,18.6687,23.0,2.608695652173913,
SMU,American Athletic,Special Teams,0.798465960837425,37.5279,47.0,2.4680851063829787,
South Alabama,Sun Belt,Defensive Back,0.789938715196425,24.4881,31.0,2.3225806451612905,
South Alabama,Sun Belt,Defensive Line,0.789638093539647,16.5824,21.0,2.3333333333333335,
South Alabama,Sun Belt,Linebacker,0.793852636688634,15.0832,19.0,2.473684210526316,
South Alabama,Sun Belt,Offensive Line,0.790428131818771,25.2937,32.0,2.46875,
South Alabama,Sun Belt,Quarterback,0.781600018342336,7.0344,9.0,2.2222222222222223,
South Alabama,Sun Belt,Receiver,0.798879171411196,19.1731,24.0,2.4583333333333335,
South Alabama,Sun Belt,Running Back,0.794775014122327,9.5373,12.0,2.4166666666666665,
South Alabama,Sun Belt,Special Teams,0.776714995503426,15.5343,20.0,2.3,
South Carolina,SEC,Defensive Back,0.866502741428271,63.2547,73.0,3.191780821917808,
South Carolina,SEC,Defensive Line,0.869235900732187,67.8004,78.0,3.230769230769231,
South Carolina,SEC,Linebacker,0.857827908770983,36.8866,43.0,3.0930232558139537,
South Carolina,SEC,Offensive Line,0.855767538021137,65.8941,77.0,3.103896103896104,
South Carolina,SEC,Quarterback,0.857172409008289,24.858,29.0,3.1379310344827585,
South Carolina,SEC,Receiver,0.864758663972219,64.8569,75.0,3.1866666666666665,
South Carolina,SEC,Running Back,0.887034367769957,28.3851,32.0,3.34375,
South Carolina,SEC,Special Teams,0.856584377586842,27.4107,32.0,3.09375,
Southern Mississippi,Conference USA,Defensive Back,0.797687043746312,43.0751,54.0,2.444444444444444,
Southern Mississippi,Conference USA,Defensive Line,0.795045006275177,47.7027,60.0,2.466666666666667,
Southern Mississippi,Conference USA,Linebacker,0.806242106776488,30.6372,38.0,2.6052631578947367,
Southern Mississippi,Conference USA,Offensive Line,0.790250008476192,45.8345,58.0,2.3793103448275863,
Southern Mississippi,Conference USA,Quarterback,0.817850006478173,22.8998,28.0,2.75,
Southern Mississippi,Conference USA,Receiver,0.794763495997777,50.0701,63.0,2.4761904761904763,
Southern Mississippi,Conference USA,Running Back,0.809390006462733,24.2817,30.0,2.6666666666666665,
Southern Mississippi,Conference USA,Special Teams,0.787922498583794,31.5169,40.0,2.375,
South Florida,American Athletic,Defensive Back,0.820674632912252,54.9852,67.0,2.7761194029850746,
South Florida,American Athletic,Defensive Line,0.817182615183402,56.3856,69.0,2.681159420289855,
South Florida,American Athletic,Linebacker,0.819794877981528,31.972,39.0,2.7948717948717947,
South Florida,American Athletic,Offensive Line,0.811188240261639,55.1608,68.0,2.661764705882353,
South Florida,American Athletic,Quarterback,0.821947364430679,15.617,19.0,2.6842105263157894,
South Florida,American Athletic,Receiver,0.822298389288687,50.9825,62.0,2.7903225806451615,
South Florida,American Athletic,Running Back,0.80961482613175,21.8596,27.0,2.5925925925925926,
South Florida,American Athletic,Special Teams,0.824091670413812,19.7782,24.0,2.8333333333333335,
Stanford,Pac-12,Defensive Back,0.850613336761793,51.0368,60.0,3.0,
Stanford,Pac-12,Defensive Line,0.870059699264925,58.294,67.0,3.253731343283582,
Stanford,Pac-12,Linebacker,0.866702776816156,31.2013,36.0,3.1666666666666665,
Stanford,Pac-12,Offensive Line,0.871075642414582,67.9439,78.0,3.2564102564102564,
Stanford,Pac-12,Quarterback,0.903304549780759,19.8727,22.0,3.5454545454545454,
Stanford,Pac-12,Receiver,0.869267240680497,50.4175,58.0,3.189655172413793,
Stanford,Pac-12,Running Back,0.872424325427493,32.2797,37.0,3.2972972972972974,
Stanford,Pac-12,Special Teams,0.829290910200639,27.3666,33.0,2.8484848484848486,
Syracuse,ACC,Defensive Back,0.822137684925743,56.7275,69.0,2.782608695652174,
Syracuse,ACC,Defensive Line,0.813477277755737,53.6895,66.0,2.7272727272727275,
Syracuse,ACC,Linebacker,0.829665116099424,35.6756,43.0,2.9069767441860463,
Syracuse,ACC,Offensive Line,0.816137502236026,45.7037,56.0,2.7142857142857144,
Syracuse,ACC,Quarterback,0.833819228869218,21.6793,26.0,2.923076923076923,
Syracuse,ACC,Receiver,0.826665218325629,57.0399,69.0,2.8405797101449277,
Syracuse,ACC,Running Back,0.824377143383026,28.8532,35.0,2.8285714285714287,
Syracuse,ACC,Special Teams,0.81981714623315,28.6936,35.0,2.857142857142857,
TCU,Big 12,Defensive Back,0.84303064692405,52.2679,62.0,2.9193548387096775,
TCU,Big 12,Defensive Line,0.843930649180566,52.3237,62.0,2.903225806451613,
TCU,Big 12,Linebacker,0.84022581577301,26.047,31.0,2.774193548387097,
TCU,Big 12,Offensive Line,0.837067243354074,48.5499,58.0,2.8620689655172415,
TCU,Big 12,Quarterback,0.857412504653136,20.5779,24.0,3.125,
TCU,Big 12,Receiver,0.84469629879351,45.6136,54.0,2.9814814814814814,
TCU,Big 12,Running Back,0.859265520654876,24.9187,29.0,3.1379310344827585,
TCU,Big 12,Special Teams,0.828112507505076,46.3743,56.0,2.8035714285714284,
Temple,American Athletic,Defensive Back,0.78821250423789,50.4456,64.0,2.4375,
Temple,American Athletic,Defensive Line,0.78346892546963,57.9767,74.0,2.3783783783783785,
Temple,American Athletic,Linebacker,0.781780441170153,35.9619,46.0,2.4130434782608696,
Temple,American Athletic,Offensive Line,0.783145770178003,46.2056,59.0,2.423728813559322,
Temple,American Athletic,Quarterback,0.796265009045601,15.9253,20.0,2.5,
Temple,American Athletic,Receiver,0.793475390397585,51.5759,65.0,2.4923076923076923,
Temple,American Athletic,Running Back,0.803612507879734,25.7156,32.0,2.59375,
Temple,American Athletic,Special Teams,0.779251723453916,22.5983,29.0,2.5172413793103448,
Tennessee,SEC,Defensive Back,0.886989551693646,59.4283,67.0,3.373134328358209,
Tennessee,SEC,Defensive Line,0.897455697572684,70.899,79.0,3.518987341772152,
Tennessee,SEC,Linebacker,0.891160777970856,45.4492,51.0,3.450980392156863,
Tennessee,SEC,Offensive Line,0.89776153747852,58.3545,65.0,3.5538461538461537,
Tennessee,SEC,Quarterback,0.903662502765656,21.6879,24.0,3.625,
Tennessee,SEC,Receiver,0.893332856042044,62.5333,70.0,3.4571428571428573,
Tennessee,SEC,Running Back,0.890827905300052,38.3056,43.0,3.4651162790697674,
Tennessee,SEC,Special Teams,0.863212497284015,41.4342,48.0,3.1666666666666665,
Texas,Big 12,Defensive Back,0.919086957323378,63.417,69.0,3.8115942028985508,
Texas,Big 12,Defensive Line,0.912661443991833,75.7509,83.0,3.746987951807229,
Texas,Big 12,Linebacker,0.910516071532454,50.9889,56.0,3.6785714285714284,
Texas,Big 12,Offensive Line,0.909655221362612,60.9469,67.0,3.701492537313433,
Texas,Big 12,Quarterback,0.921745460141789,20.2784,22.0,3.8181818181818183,
Texas,Big 12,Receiver,0.91291973308513,69.3819,76.0,3.710526315789474,
Texas,Big 12,Running Back,0.912745162363975,28.2951,31.0,3.774193548387097,
Texas,Big 12,Special Teams,0.889953662709492,36.4881,41.0,3.5609756097560976,
Texas A&M,SEC,Defensive Back,0.883887691681202,57.4527,65.0,3.4,
Texas A&M,SEC,Defensive Line,0.894127378861109,75.1067,84.0,3.5238095238095237,
Texas A&M,SEC,Linebacker,0.870032753410011,50.4619,58.0,3.206896551724138,
Texas A&M,SEC,Offensive Line,0.881226921692873,68.7357,78.0,3.3461538461538463,
Texas A&M,SEC,Quarterback,0.899726090223893,20.6937,23.0,3.5652173913043477,
Texas A&M,SEC,Receiver,0.884318055378066,63.6709,72.0,3.4166666666666665,
Texas A&M,SEC,Running Back,0.889105715070452,31.1187,35.0,3.5142857142857142,
Texas A&M,SEC,Special Teams,0.855094872988187,33.3487,39.0,3.128205128205128,
Texas State,Sun Belt,Defensive Back,0.793074080237636,21.413,27.0,2.3333333333333335,
Texas State,Sun Belt,Defensive Line,0.77955925906146,21.0481,27.0,2.2222222222222223,
Texas State,Sun Belt,Linebacker,0.79299167295297,9.5159,12.0,2.4166666666666665,
Texas State,Sun Belt,Offensive Line,0.784229633984742,21.1742,27.0,2.2222222222222223,
Texas State,Sun Belt,Quarterback,0.802471424852099,5.6173,7.0,2.4285714285714284,
Texas State,Sun Belt,Receiver,0.800980959619795,16.8206,21.0,2.4285714285714284,
Texas State,Sun Belt,Running Back,0.800472725521434,8.8052,11.0,2.4545454545454546,
Texas State,Sun Belt,Special Teams,0.798364294426782,11.1771,14.0,2.642857142857143,
Texas Tech,Big 12,Defensive Back,0.836658494652442,44.3429,53.0,2.8679245283018866,
Texas Tech,Big 12,Defensive Line,0.836943547571859,51.8905,62.0,2.967741935483871,
Texas Tech,Big 12,Linebacker,0.839932501316071,33.5973,40.0,3.0,
Texas Tech,Big 12,Offensive Line,0.840862167042655,62.2238,74.0,2.9594594594594597,
Texas Tech,Big 12,Quarterback,0.868723536238951,14.7683,17.0,3.1176470588235294,
Texas Tech,Big 12,Receiver,0.847023881193417,56.7506,67.0,3.029850746268657,
Texas Tech,Big 12,Running Back,0.859578259613203,19.7703,23.0,3.130434782608696,
Texas Tech,Big 12,Special Teams,0.835749997695287,25.0725,30.0,2.933333333333333,
Toledo,Mid-American,Defensive Back,0.782127144506999,54.7489,70.0,2.4,
Toledo,Mid-American,Defensive Line,0.79288985936538,54.7094,69.0,2.4782608695652173,
Toledo,Mid-American,Linebacker,0.796193749954303,38.2173,48.0,2.4791666666666665,
Toledo,Mid-American,Offensive Line,0.791333822643056,53.8107,68.0,2.5294117647058822,
Toledo,Mid-American,Quarterback,0.818710005283356,16.3742,20.0,2.75,
Toledo,Mid-American,Receiver,0.800967570092227,59.2716,74.0,2.527027027027027,
Toledo,Mid-American,Running Back,0.796913523931761,29.4858,37.0,2.4324324324324325,
Toledo,Mid-American,Special Teams,0.799558339019616,19.1894,24.0,2.5,
Troy,Sun Belt,Defensive Back,0.768987277421084,42.2943,55.0,2.2363636363636363,
Troy,Sun Belt,Defensive Line,0.7692645172919,47.6944,62.0,2.274193548387097,
Troy,Sun Belt,Linebacker,0.775888375071592,33.3632,43.0,2.2790697674418605,
Troy,Sun Belt,Offensive Line,0.78084000647068,46.8504,60.0,2.283333333333333,
Troy,Sun Belt,Quarterback,0.790909097953276,17.4,22.0,2.5454545454545454,
Troy,Sun Belt,Receiver,0.773430189996395,40.9918,53.0,2.30188679245283,
Troy,Sun Belt,Running Back,0.786967744750361,24.396,31.0,2.4516129032258065,
Troy,Sun Belt,Special Teams,0.77559688128531,24.8191,32.0,2.1875,
Tulane,American Athletic,Defensive Back,0.794006157838381,51.6104,65.0,2.4461538461538463,
Tulane,American Athletic,Defensive Line,0.798728173047724,56.7097,71.0,2.507042253521127,
Tulane,American Athletic,Linebacker,0.78775371004034,42.5387,54.0,2.388888888888889,
Tulane,American Athletic,Offensive Line,0.787870004347393,55.1509,70.0,2.4,
Tulane,American Athletic,Quarterback,0.80671364068985,17.7477,22.0,2.590909090909091,
Tulane,American Athletic,Receiver,0.789206789711774,46.5632,59.0,2.389830508474576,
Tulane,American Athletic,Running Back,0.793815157630227,26.1959,33.0,2.393939393939394,
Tulane,American Athletic,Special Teams,0.796438303399593,37.4326,47.0,2.4893617021276597,
Tulsa,American Athletic,Defensive Back,0.786991900688893,58.2374,74.0,2.364864864864865,
Tulsa,American Athletic,Defensive Line,0.78919091983275,43.4055,55.0,2.309090909090909,
Tulsa,American Athletic,Linebacker,0.794263272869344,38.9189,49.0,2.4693877551020407,
Tulsa,American Athletic,Offensive Line,0.791452732953158,43.5299,55.0,2.4545454545454546,
Tulsa,American Athletic,Quarterback,0.818376471014584,13.9124,17.0,2.823529411764706,
Tulsa,American Athletic,Receiver,0.803475810635474,49.8155,62.0,2.532258064516129,
Tulsa,American Athletic,Running Back,0.812919998168945,16.2584,20.0,2.65,
Tulsa,American Athletic,Special Teams,0.791181253269315,25.3178,32.0,2.46875,
UAB,Conference USA,Defensive Back,0.780760007638198,50.7494,65.0,2.3230769230769233,
UAB,Conference USA,Defensive Line,0.767093482224838,35.2863,46.0,2.1956521739130435,
UAB,Conference USA,Linebacker,0.783632506430149,31.3453,40.0,2.325,
UAB,Conference USA,Offensive Line,0.776194738714319,44.2431,57.0,2.2982456140350878,
UAB,Conference USA,Quarterback,0.789169573265573,18.1509,23.0,2.4782608695652173,
UAB,Conference USA,Receiver,0.783972135332764,47.8223,61.0,2.3114754098360657,
UAB,Conference USA,Running Back,0.777751620738737,24.1103,31.0,2.2580645161290325,
UAB,Conference USA,Special Teams,0.757435290252461,12.8764,17.0,2.176470588235294,
UCF,American Athletic,Defensive Back,0.814704845989904,50.5117,62.0,2.725806451612903,
UCF,American Athletic,Defensive Line,0.815119721520115,57.8735,71.0,2.7464788732394365,
UCF,American Athletic,Linebacker,0.808516005277634,40.4258,50.0,2.66,
UCF,American Athletic,Offensive Line,0.808752313027015,52.5689,65.0,2.6615384615384614,
UCF,American Athletic,Quarterback,0.814416664342085,19.546,24.0,2.6666666666666665,
UCF,American Athletic,Receiver,0.80871964778219,45.2883,56.0,2.642857142857143,
UCF,American Athletic,Running Back,0.815255560256817,22.0119,27.0,2.7037037037037037,
UCF,American Athletic,Special Teams,0.797895244189671,16.7558,21.0,2.7142857142857144,
UCLA,Pac-12,Defensive Back,0.890117394751397,61.4181,69.0,3.420289855072464,
UCLA,Pac-12,Defensive Line,0.880774242408348,58.1311,66.0,3.378787878787879,
UCLA,Pac-12,Linebacker,0.869131116072337,39.1109,45.0,3.311111111111111,
UCLA,Pac-12,Offensive Line,0.863576254993677,69.0861,80.0,3.2125,
UCLA,Pac-12,Quarterback,0.873587504029274,20.9661,24.0,3.3333333333333335,
UCLA,Pac-12,Receiver,0.880846773424456,54.6125,62.0,3.3548387096774195,
UCLA,Pac-12,Running Back,0.869233335509445,28.6847,33.0,3.2727272727272725,
UCLA,Pac-12,Special Teams,0.854749996960163,34.19,40.0,3.05,
UMass,FBS Independents,Defensive Back,0.786271425230162,22.0156,28.0,2.25,
UMass,FBS Independents,Defensive Line,0.791054833319879,24.5227,31.0,2.3870967741935485,
UMass,FBS Independents,Linebacker,0.79384762332553,16.6708,21.0,2.5238095238095237,
UMass,FBS Independents,Offensive Line,0.787488234393737,26.7746,34.0,2.2941176470588234,
UMass,FBS Independents,Quarterback,0.787409094246951,8.6615,11.0,2.4545454545454546,
UMass,FBS Independents,Receiver,0.794446158867616,20.6556,26.0,2.5384615384615383,
UMass,FBS Independents,Running Back,0.80757999420166,8.0758,10.0,2.6,
UMass,FBS Independents,Special Teams,0.792805263870641,15.0633,19.0,2.473684210526316,
UNLV,Mountain West,Defensive Back,0.785727280107411,34.572,44.0,2.4545454545454546,
UNLV,Mountain West,Defensive Line,0.781333334743977,37.504,48.0,2.3958333333333335,
UNLV,Mountain West,Linebacker,0.786527509987354,31.4611,40.0,2.375,
UNLV,Mountain West,Offensive Line,0.769621540949895,50.0254,65.0,2.2615384615384615,
UNLV,Mountain West,Quarterback,0.802985009551048,16.0597,20.0,2.6,
UNLV,Mountain West,Receiver,0.786093943046801,51.8822,66.0,2.4393939393939394,
UNLV,Mountain West,Running Back,0.78604400396347,19.6511,25.0,2.4,
UNLV,Mountain West,Special Teams,0.77544839343717,24.0389,31.0,2.2903225806451615,
USC,Pac-12,Defensive Back,0.913272727619518,60.276,66.0,3.7272727272727275,
USC,Pac-12,Defensive Line,0.920443749055266,58.9084,64.0,3.78125,
USC,Pac-12,Linebacker,0.922321155667305,47.9607,52.0,3.8461538461538463,
USC,Pac-12,Offensive Line,0.914964705705643,62.2176,68.0,3.6911764705882355,
USC,Pac-12,Quarterback,0.939423810868036,19.7279,21.0,4.0,
USC,Pac-12,Receiver,0.930240905646122,61.3959,66.0,3.878787878787879,
USC,Pac-12,Running Back,0.927814708036535,31.5457,34.0,3.911764705882353,
USC,Pac-12,Special Teams,0.893282758778539,25.9052,29.0,3.5172413793103448,
Utah,Pac-12,Defensive Back,0.821338989977109,48.459,59.0,2.745762711864407,
Utah,Pac-12,Defensive Line,0.831177195958924,47.3771,57.0,2.807017543859649,
Utah,Pac-12,Linebacker,0.818190254816195,33.5458,41.0,2.682926829268293,
Utah,Pac-12,Offensive Line,0.838484481490892,48.6321,58.0,2.9310344827586206,
Utah,Pac-12,Quarterback,0.845825009047985,13.5332,16.0,3.0625,
Utah,Pac-12,Receiver,0.835933964207487,44.3045,53.0,2.8679245283018866,
Utah,Pac-12,Running Back,0.833643335103989,25.0093,30.0,2.9,
Utah,Pac-12,Special Teams,0.828134378418326,26.5003,32.0,2.78125,
Utah State,Mountain West,Defensive Back,0.760000005060313,37.24,49.0,2.163265306122449,
Utah State,Mountain West,Defensive Line,0.751447723670439,33.0637,44.0,2.1363636363636362,
Utah State,Mountain West,Linebacker,0.772465798415636,29.3537,38.0,2.3157894736842106,
Utah State,Mountain West,Offensive Line,0.771100000611373,43.1816,56.0,2.1964285714285716,
Utah State,Mountain West,Quarterback,0.780408340195815,18.7298,24.0,2.4583333333333335,
Utah State,Mountain West,Receiver,0.777286542149691,40.4189,52.0,2.326923076923077,
Utah State,Mountain West,Running Back,0.771500009077567,20.8305,27.0,2.2962962962962963,
Utah State,Mountain West,Special Teams,0.770975004349436,21.5873,28.0,2.25,
UTEP,Conference USA,Defensive Back,0.771300006480444,32.3946,42.0,2.2142857142857144,
UTEP,Conference USA,Defensive Line,0.774532733180306,42.5993,55.0,2.290909090909091,
UTEP,Conference USA,Linebacker,0.774230301380157,25.5496,33.0,2.1515151515151514,
UTEP,Conference USA,Offensive Line,0.760052175625511,34.9624,46.0,2.0652173913043477,
UTEP,Conference USA,Quarterback,0.773233330249786,11.5985,15.0,2.2666666666666666,
UTEP,Conference USA,Receiver,0.771502086271842,37.0321,48.0,2.2083333333333335,
UTEP,Conference USA,Running Back,0.791440909559077,17.4117,22.0,2.4545454545454546,
UTEP,Conference USA,Special Teams,0.774670004844666,15.4934,20.0,2.25,
UT San Antonio,Conference USA,Defensive Back,0.800207144447735,22.4058,28.0,2.5714285714285716,
UT San Antonio,Conference USA,Defensive Line,0.797282610250556,18.3375,23.0,2.5217391304347827,
UT San Antonio,Conference USA,Linebacker,0.801457149641854,11.2204,14.0,2.5,
UT San Antonio,Conference USA,Offensive Line,0.797420829534531,19.1381,24.0,2.4583333333333335,
UT San Antonio,Conference USA,Quarterback,0.807489997148514,8.0749,10.0,2.8,
UT San Antonio,Conference USA,Receiver,0.807139290230615,22.5999,28.0,2.5357142857142856,
UT San Antonio,Conference USA,Running Back,0.811279992262522,12.1692,15.0,2.7333333333333334,
UT San Antonio,Conference USA,Special Teams,0.802524993817011,9.6303,12.0,2.5,
Vanderbilt,SEC,Defensive Back,0.830886767191045,56.5003,68.0,2.838235294117647,
Vanderbilt,SEC,Defensive Line,0.824231252074242,52.7508,64.0,2.8125,
Vanderbilt,SEC,Linebacker,0.821959528185072,34.5223,42.0,2.738095238095238,
Vanderbilt,SEC,Offensive Line,0.823490283555455,59.2913,72.0,2.763888888888889,
Vanderbilt,SEC,Quarterback,0.850395663924839,19.5591,23.0,3.0,
Vanderbilt,SEC,Receiver,0.834149319831639,60.8929,73.0,2.863013698630137,
Vanderbilt,SEC,Running Back,0.816179320730012,23.6692,29.0,2.7586206896551726,
Vanderbilt,SEC,Special Teams,0.802497562838764,32.9024,41.0,2.5609756097560976,
Virginia,ACC,Defensive Back,0.84950328068655,51.8197,61.0,3.0327868852459017,
Virginia,ACC,Defensive Line,0.849509722656674,61.1647,72.0,3.0972222222222223,
Virginia,ACC,Linebacker,0.847576788493565,47.4643,56.0,3.0535714285714284,
Virginia,ACC,Offensive Line,0.846234722269906,60.9289,72.0,3.055555555555556,
Virginia,ACC,Quarterback,0.850991673767567,20.4238,24.0,3.0833333333333335,
Virginia,ACC,Receiver,0.83859104718735,56.1856,67.0,2.955223880597015,
Virginia,ACC,Running Back,0.867192592885759,23.4142,27.0,3.2962962962962963,
Virginia,ACC,Special Teams,0.843597561847873,34.5875,41.0,3.024390243902439,
Virginia Tech,ACC,Defensive Back,0.85901562590152,54.977,64.0,3.109375,
Virginia Tech,ACC,Defensive Line,0.856371797048129,66.797,78.0,3.0641025641025643,
Virginia Tech,ACC,Linebacker,0.860388097308931,36.1363,42.0,3.142857142857143,
Virginia Tech,ACC,Offensive Line,0.851637931733296,49.395,58.0,3.086206896551724,
Virginia Tech,ACC,Quarterback,0.886241666972637,21.2698,24.0,3.5,
Virginia Tech,ACC,Receiver,0.846707042673944,60.1162,71.0,2.9859154929577465,
Virginia Tech,ACC,Running Back,0.871017650646322,29.6146,34.0,3.264705882352941,
Virginia Tech,ACC,Special Teams,0.844394232218082,43.9085,52.0,2.9423076923076925,
Wake Forest,ACC,Defensive Back,0.823547460265079,48.5893,59.0,2.830508474576271,
Wake Forest,ACC,Defensive Line,0.817251617870023,50.6696,62.0,2.693548387096774,
Wake Forest,ACC,Linebacker,0.816729270830387,33.4859,41.0,2.7317073170731705,
Wake Forest,ACC,Offensive Line,0.816625376245869,54.7139,67.0,2.7313432835820897,
Wake Forest,ACC,Quarterback,0.832295835018158,19.9751,24.0,2.875,
Wake Forest,ACC,Receiver,0.823370591682546,55.9892,68.0,2.8529411764705883,
Wake Forest,ACC,Running Back,0.830289999643962,24.9087,30.0,2.9,
Wake Forest,ACC,Special Teams,0.807282360161052,27.4476,34.0,2.7058823529411766,
Washington,Pac-12,Defensive Back,0.860762123808716,56.8103,66.0,3.196969696969697,
Washington,Pac-12,Defensive Line,0.865213044311689,59.6997,69.0,3.2028985507246377,
Washington,Pac-12,Linebacker,0.849423210535731,47.5677,56.0,3.0535714285714284,
Washington,Pac-12,Offensive Line,0.845438961858873,65.0988,77.0,3.051948051948052,
Washington,Pac-12,Quarterback,0.917522728443146,20.1855,22.0,3.7727272727272725,
Washington,Pac-12,Receiver,0.880617242434929,51.0758,58.0,3.3793103448275863,
Washington,Pac-12,Running Back,0.86128387335808,26.6998,31.0,3.225806451612903,
Washington,Pac-12,Special Teams,0.836689583957195,40.1611,48.0,2.9791666666666665,
Washington State,Pac-12,Defensive Back,0.823570001976831,57.6499,70.0,2.8,
Washington State,Pac-12,Defensive Line,0.814508220920824,59.4591,73.0,2.712328767123288,
Washington State,Pac-12,Linebacker,0.82014423264907,42.6475,52.0,2.75,
Washington State,Pac-12,Offensive Line,0.821612857069288,57.5129,70.0,2.757142857142857,
Washington State,Pac-12,Quarterback,0.832138101259867,17.4749,21.0,2.857142857142857,
Washington State,Pac-12,Receiver,0.831023382676112,63.9888,77.0,2.857142857142857,
Washington State,Pac-12,Running Back,0.823391667670674,29.6421,36.0,2.6666666666666665,
Washington State,Pac-12,Special Teams,0.812039395173391,26.7973,33.0,2.7272727272727275,
Western Kentucky,Conference USA,Defensive Back,0.798084376379848,25.5387,32.0,2.4375,
Western Kentucky,Conference USA,Defensive Line,0.789819996058941,31.5928,40.0,2.5,
Western Kentucky,Conference USA,Linebacker,0.789936358278448,17.3786,22.0,2.4545454545454546,
Western Kentucky,Conference USA,Offensive Line,0.790108105620822,29.234,37.0,2.3513513513513513,
Western Kentucky,Conference USA,Quarterback,0.808233335614204,9.6988,12.0,2.5833333333333335,
Western Kentucky,Conference USA,Receiver,0.794078046228827,32.5572,41.0,2.4878048780487805,
Western Kentucky,Conference USA,Running Back,0.799150003327264,14.3847,18.0,2.444444444444444,
Western Kentucky,Conference USA,Special Teams,0.784965002536774,15.6993,20.0,2.35,
Western Michigan,Mid-American,Defensive Back,0.784704484156708,52.5752,67.0,2.373134328358209,
Western Michigan,Mid-American,Defensive Line,0.783039710977498,53.2467,68.0,2.3088235294117645,
Western Michigan,Mid-American,Linebacker,0.78783171351363,32.3011,41.0,2.4146341463414633,
Western Michigan,Mid-American,Offensive Line,0.796501543888679,51.7726,65.0,2.4923076923076923,
Western Michigan,Mid-American,Quarterback,0.810382612373518,18.6388,23.0,2.6521739130434785,
Western Michigan,Mid-American,Receiver,0.794114293796676,66.7056,84.0,2.4761904761904763,
Western Michigan,Mid-American,Running Back,0.803135489263842,24.8972,31.0,2.6129032258064515,
Western Michigan,Mid-American,Special Teams,0.798903026364066,26.3638,33.0,2.515151515151515,
West Virginia,Big 12,Defensive Back,0.834368423411721,63.412,76.0,2.9078947368421053,
West Virginia,Big 12,Defensive Line,0.825978010892868,41.2989,50.0,2.78,
West Virginia,Big 12,Linebacker,0.841197680595309,36.1715,43.0,2.953488372093023,
West Virginia,Big 12,Offensive Line,0.836134921936762,52.6765,63.0,2.9047619047619047,
West Virginia,Big 12,Quarterback,0.858280959583464,18.0239,21.0,3.0476190476190474,
West Virginia,Big 12,Receiver,0.838582357063013,57.0236,68.0,2.911764705882353,
West Virginia,Big 12,Running Back,0.84170952581224,35.3518,42.0,2.9761904761904763,
West Virginia,Big 12,Special Teams,0.823462164079821,30.4681,37.0,2.756756756756757,
Wisconsin,Big Ten,Defensive Back,0.829800005588267,59.7456,72.0,2.819444444444444,
Wisconsin,Big Ten,Defensive Line,0.849534783674323,58.6179,69.0,3.0144927536231885,
Wisconsin,Big Ten,Linebacker,0.846038096480899,53.3004,63.0,2.984126984126984,
Wisconsin,Big Ten,Offensive Line,0.855147827362669,59.0052,69.0,3.0434782608695654,
Wisconsin,Big Ten,Quarterback,0.834515383610359,21.6974,26.0,2.9615384615384617,
Wisconsin,Big Ten,Receiver,0.833001376831368,60.8091,73.0,2.7945205479452055,
Wisconsin,Big Ten,Running Back,0.85031621842771,31.4617,37.0,3.027027027027027,
Wisconsin,Big Ten,Special Teams,0.820756822824478,36.1133,44.0,2.6818181818181817,
Wyoming,Mountain West,Defensive Back,0.774983586660072,51.9239,67.0,2.2388059701492535,
Wyoming,Mountain West,Defensive Line,0.774702008962631,38.7351,50.0,2.26,
Wyoming,Mountain West,Linebacker,0.772836362773722,34.0048,44.0,2.2045454545454546,
Wyoming,Mountain West,Offensive Line,0.770601591420552,48.5479,63.0,2.2222222222222223,
Wyoming,Mountain West,Quarterback,0.801112507780393,19.2267,24.0,2.625,
Wyoming,Mountain West,Receiver,0.776236507627699,48.9029,63.0,2.3333333333333335,
Wyoming,Mountain West,Running Back,0.767540001869202,23.0262,30.0,2.2,
Wyoming,Mountain West,Special Teams,0.779068422944922,29.6046,38.0,2.263157894736842,
Air Force,Mountain West,All Positions,0.773654280182643,362.07,468.0,2.1816239316239314,
Akron,Mid-American,All Positions,0.771435004638301,277.716,360.0,2.227777777777778,
Alabama,SEC,All Positions,0.913801495972862,427.659,468.0,3.747863247863248,
Appalachian State,Sun Belt,All Positions,0.795542269330664,154.335,194.0,2.4896907216494846,
Arizona,Pac-12,All Positions,0.838485214644506,334.555,399.0,2.9423558897243107,
Arizona State,Pac-12,All Positions,0.852925878972056,316.435,371.0,3.08355795148248,
Arkansas,SEC,All Positions,0.85684844493866,385.582,450.0,3.1133333333333333,
Arkansas State,Sun Belt,All Positions,0.774551561466358,273.416,353.0,2.3456090651558075,
Army,FBS Independents,All Positions,0.766614243246799,404.005,527.0,2.1043643263757117,
Auburn,SEC,All Positions,0.881339659441763,413.348,469.0,3.388059701492537,
Ball State,Mid-American,All Positions,0.77935918242964,284.466,365.0,2.3013698630136985,
Baylor,Big 12,All Positions,0.835295400046327,326.6,391.0,2.9028132992327365,
Boise State,Mountain West,All Positions,0.813373558941623,295.255,363.0,2.6887052341597797,
Boston College,ACC,All Positions,0.834985186288386,338.169,405.0,2.94320987654321,
Bowling Green,Mid-American,All Positions,0.783058843076831,310.091,396.0,2.356060606060606,
Buffalo,Mid-American,All Positions,0.772529158230773,264.977,343.0,2.239067055393586,
BYU,FBS Independents,All Positions,0.816125389398673,318.289,390.0,2.7205128205128206,
California,Pac-12,All Positions,0.859423015052325,313.689,365.0,3.158904109589041,
Central Michigan,Mid-American,All Positions,0.777691370577549,324.297,417.0,2.3189448441247,
Charlotte,Conference USA,All Positions,0.784303945930381,119.214,152.0,2.3684210526315788,
Cincinnati,American Athletic,All Positions,0.812495623513595,315.248,388.0,2.698453608247423,
Clemson,ACC,All Positions,0.883125961973117,367.38,416.0,3.4326923076923075,
Coastal Carolina,Sun Belt,All Positions,0.78375229064156,119.914,153.0,2.3333333333333335,
Colorado,Pac-12,All Positions,0.83679927552788,344.761,412.0,2.9466019417475726,
Colorado State,Mountain West,All Positions,0.792818864433109,319.506,403.0,2.501240694789082,
Connecticut,American Athletic,All Positions,0.789896282753341,318.328,403.0,2.4764267990074442,
Duke,ACC,All Positions,0.820680979257677,336.479,410.0,2.7658536585365856,
East Carolina,American Athletic,All Positions,0.788344300552135,297.206,377.0,2.46684350132626,
Eastern Michigan,Mid-American,All Positions,0.767146450737135,280.775,366.0,2.221311475409836,
Florida,SEC,All Positions,0.907701324679731,411.189,453.0,3.6666666666666665,
Florida Atlantic,Conference USA,All Positions,0.790649608476087,202.406,256.0,2.4921875,
Florida International,Conference USA,All Positions,0.788415956191527,276.734,351.0,2.396011396011396,
Florida State,ACC,All Positions,0.90682067348716,403.535,445.0,3.6719101123595506,
Fresno State,Mountain West,All Positions,0.794610822932762,271.757,342.0,2.508771929824561,
Georgia,SEC,All Positions,0.90797043585259,417.666,460.0,3.6804347826086956,
Georgia Southern,Sun Belt,All Positions,0.799635397919108,142.335,178.0,2.5168539325842696,
Georgia State,Sun Belt,All Positions,0.790734526656923,132.843,168.0,2.4345238095238093,
Georgia Tech,ACC,All Positions,0.839740252047777,335.896,400.0,2.935,
Hawai'i,Mountain West,All Positions,0.78509564284595,252.016,321.0,2.411214953271028,
Houston,American Athletic,All Positions,0.808266231441246,306.333,379.0,2.633245382585752,
Illinois,Big Ten,All Positions,0.832353119986908,333.774,401.0,2.8877805486284287,
Indiana,Big Ten,All Positions,0.820268857116163,350.255,427.0,2.747072599531616,
Iowa,Big Ten,All Positions,0.844341355756411,336.892,399.0,2.9899749373433586,
Iowa State,Big 12,All Positions,0.821641323764633,336.051,409.0,2.7995110024449876,
Kansas,Big 12,All Positions,0.824757187873468,287.015,348.0,2.7902298850574714,
Kansas State,Big 12,All Positions,0.82653490608749,298.379,361.0,2.8282548476454292,
Kent State,Mid-American,All Positions,0.770990888330956,287.579,373.0,2.254691689008043,
Kentucky,SEC,All Positions,0.853106118670297,278.966,327.0,3.1009174311926606,
Liberty,FBS Independents,All Positions,0.804357145513807,56.305,70.0,2.6285714285714286,
Louisiana,Sun Belt,All Positions,0.782120005289714,269.831,345.0,2.327536231884058,
Louisiana Monroe,Sun Belt,All Positions,0.766671247432887,295.935,386.0,2.183937823834197,
Louisiana Tech,Conference USA,All Positions,0.795999361727482,248.352,312.0,2.519230769230769,
Louisville,ACC,All Positions,0.835987667555571,318.511,381.0,2.8897637795275593,
LSU,SEC,All Positions,0.908122032880783,428.633,472.0,3.6779661016949152,
Marshall,Conference USA,All Positions,0.795283909995197,301.412,379.0,2.4881266490765173,
Maryland,Big Ten,All Positions,0.847590931490356,345.817,408.0,3.0563725490196076,
Memphis,American Athletic,All Positions,0.796699743776421,304.339,382.0,2.5078534031413615,
Miami,ACC,All Positions,0.89312889761881,389.404,436.0,3.518348623853211,
Miami (OH),Mid-American,All Positions,0.784914567487911,323.384,412.0,2.3737864077669903,
Michigan,Big Ten,All Positions,0.89570905139734,415.609,464.0,3.532327586206897,
Michigan State,Big Ten,All Positions,0.852648664855029,350.439,411.0,3.05352798053528,
Middle Tennessee,Conference USA,All Positions,0.782422226378721,274.63,351.0,2.3846153846153846,
Minnesota,Big Ten,All Positions,0.823773307363372,364.108,442.0,2.7805429864253393,
Mississippi State,SEC,All Positions,0.847298115913598,359.254,424.0,3.0400943396226414,
Missouri,SEC,All Positions,0.847297800490792,346.545,409.0,3.0122249388753057,
Navy,American Athletic,All Positions,0.774411413854766,319.057,412.0,2.2233009708737863,
NC State,ACC,All Positions,0.842981548826593,338.036,401.0,2.9850374064837903,
Nebraska,Big Ten,All Positions,0.86385925039649,345.544,400.0,3.1625,
Nevada,Mountain West,All Positions,0.782684172524346,281.766,360.0,2.375,
New Mexico,Mountain West,All Positions,0.781713231148258,242.331,310.0,2.3774193548387097,
New Mexico State,FBS Independents,All Positions,0.766035200357437,191.509,250.0,2.2,
North Carolina,ACC,All Positions,0.86031180675383,371.655,432.0,3.1435185185185186,
Northern Illinois,Mid-American,All Positions,0.777456067792338,339.748,437.0,2.318077803203661,
North Texas,Conference USA,All Positions,0.780661301531659,252.153,323.0,2.3529411764705883,
Northwestern,Big Ten,All Positions,0.831110728170533,310.004,373.0,2.8471849865951744,
Notre Dame,FBS Independents,All Positions,0.898937499357594,388.341,432.0,3.5625,
Ohio,Mid-American,All Positions,0.773925650360261,268.552,347.0,2.2910662824207493,
Ohio State,Big Ten,All Positions,0.922694180219892,348.778,378.0,3.8412698412698414,
Oklahoma,Big 12,All Positions,0.901222946131287,373.106,414.0,3.582125603864734,
Oklahoma State,Big 12,All Positions,0.849582567919253,350.877,413.0,3.026634382566586,
Old Dominion,Conference USA,All Positions,0.786119289809677,154.866,197.0,2.3401015228426396,
Ole Miss,SEC,All Positions,0.860477306036803,363.982,423.0,3.132387706855792,
Oregon,Pac-12,All Positions,0.869621869387146,353.936,407.0,3.243243243243243,
Oregon State,Pac-12,All Positions,0.827709950077596,316.185,382.0,2.8481675392670156,
Penn State,Big Ten,All Positions,0.880366260090201,360.07,409.0,3.3960880195599024,
Pittsburgh,ACC,All Positions,0.844135765889112,358.758,425.0,2.992941176470588,
Purdue,Big Ten,All Positions,0.828544474058128,337.217,407.0,2.86977886977887,
Rice,Conference USA,All Positions,0.786345710714768,283.871,361.0,2.3628808864265927,
Rutgers,Big Ten,All Positions,0.830631370954918,352.188,424.0,2.8820754716981134,
San Diego State,Mountain West,All Positions,0.804014876408455,313.566,390.0,2.5974358974358975,
San Jos State,Mountain West,All Positions,0.784835068436412,241.729,308.0,2.3863636363636362,
SMU,American Athletic,All Positions,0.800620981542076,328.254,410.0,2.502439024390244,
South Alabama,Sun Belt,All Positions,0.790038695292813,132.726,168.0,2.386904761904762,
South Carolina,SEC,All Positions,0.864115035072274,379.346,439.0,3.173120728929385,
Southern Mississippi,Conference USA,All Positions,0.797892188286846,296.018,371.0,2.4932614555256065,
South Florida,American Athletic,All Positions,0.817975738366445,306.74,375.0,2.728,
Stanford,Pac-12,All Positions,0.865505115760257,338.412,391.0,3.184143222506394,
Syracuse,ACC,All Positions,0.822211280353087,328.062,399.0,2.807017543859649,
TCU,Big 12,All Positions,0.842215429595176,316.673,376.0,2.9175531914893615,
Temple,American Athletic,All Positions,0.787673270641072,306.405,389.0,2.4524421593830334,
Tennessee,SEC,All Positions,0.890586128570889,398.092,447.0,3.447427293064877,
Texas,Big 12,All Positions,0.911342021990358,405.547,445.0,3.7235955056179777,
Texas A&M,SEC,All Positions,0.88235462447095,400.589,454.0,3.3854625550660793,
Texas State,Sun Belt,All Positions,0.791584935498564,115.571,146.0,2.356164383561644,
Texas Tech,Big 12,All Positions,0.842667214857425,308.416,366.0,2.980874316939891,
Toledo,Mid-American,All Positions,0.79465195405774,325.807,410.0,2.4926829268292683,
Troy,Sun Belt,All Positions,0.776003355753488,277.809,358.0,2.298882681564246,
Tulane,American Athletic,All Positions,0.793228271596505,333.949,421.0,2.441805225653207,
Tulsa,American Athletic,All Positions,0.795043412800674,289.396,364.0,2.458791208791209,
UAB,Conference USA,All Positions,0.778188240177491,264.584,340.0,2.2970588235294116,
UCF,American Athletic,All Positions,0.811122079161887,304.982,376.0,2.6914893617021276,
UCLA,Pac-12,All Positions,0.873984488923112,366.2,419.0,3.3007159904534604,
UMass,FBS Independents,All Positions,0.791332777341207,142.44,180.0,2.411111111111111,
UNLV,Mountain West,All Positions,0.782284370741661,265.194,339.0,2.3864306784660765,
USC,Pac-12,All Positions,0.919843499809504,367.937,400.0,3.785,
Utah,Pac-12,All Positions,0.83052399237721,287.361,346.0,2.8294797687861273,
Utah State,Mountain West,All Positions,0.768570758449207,244.405,318.0,2.251572327044025,
UTEP,Conference USA,All Positions,0.772390038517446,217.041,281.0,2.2206405693950177,
UT San Antonio,Conference USA,All Positions,0.802442207738951,123.576,154.0,2.5584415584415585,
Vanderbilt,SEC,All Positions,0.825457043439439,340.088,412.0,2.79126213592233,
Virginia,ACC,All Positions,0.847592144494965,355.988,420.0,3.057142857142857,
Virginia Tech,ACC,All Positions,0.85629881936044,362.214,423.0,3.0945626477541373,
Wake Forest,ACC,All Positions,0.820205977365568,315.779,385.0,2.7818181818181817,
Washington,Pac-12,All Positions,0.86018430977292,367.299,427.0,3.1850117096018735,
Washington State,Pac-12,All Positions,0.822158567193482,355.172,432.0,2.7685185185185186,
Western Kentucky,Conference USA,All Positions,0.79317162031526,176.084,222.0,2.445945945945946,
Western Michigan,Mid-American,All Positions,0.792478160661401,326.501,412.0,2.4514563106796117,
West Virginia,Big 12,All Positions,0.836065754145384,334.426,400.0,2.8975,
Wisconsin,Big Ten,All Positions,0.840509053887121,380.75,453.0,2.9139072847682117,
Wyoming,Mountain West,All Positions,0.775651982245785,293.972,379.0,2.2744063324538257,
